track,preset_folder,preset_label,wav_size_bytes,wav_size_kb,wav_size_mb,encoded_size_bytes,encoded_size_kb,encoded_size_mb,size_ratio_encoded_to_wav,percent_reduction_from_wav,,,,,,,,
Deftones/around the fur/01 Deftones - My Own Summer (Shove It).wav,mp3_128,128 CBR,37984844,37094.57422,36.22517014,3446534,3365.755859,3.286870956,0.090734452,90.92655481,,,,,,,,
Deftones/around the fur/01 Deftones - My Own Summer (Shove It).wav,mp3_192,192 CBR,37984844,37094.57422,36.22517014,5169780,5048.613281,4.930286407,0.136101125,86.3898875,,,,,,,,
Deftones/around the fur/01 Deftones - My Own Summer (Shove It).wav,mp3_320,320 CBR,37984844,37094.57422,36.22517014,8616271,8414.327148,8.217116356,0.226834445,77.31655552,,,,,,,,
Deftones/around the fur/01 Deftones - My Own Summer (Shove It).wav,mp3_v0,V0,37984844,37094.57422,36.22517014,7508463,7332.483398,7.160628319,0.197669971,80.23300293,,,,,,,,
Deftones/around the fur/01 Deftones - My Own Summer (Shove It).wav,mp3_v2,V2,37984844,37094.57422,36.22517014,5331009,5206.063477,5.084046364,0.140345686,85.96543137,,,track,,preset_label,wav_size_mb,encoded_size_mb,percent_reduction_from_wav
Deftones/around the fur/01 Deftones - My Own Summer (Shove It).wav,mp3_v5,V5,37984844,37094.57422,36.22517014,3699449,3612.743164,3.528069496,0.097392765,90.26072346,,,My Own Summer (Shove It).wav,,128 CBR,36.22517014,3.286870956,90.92655481
Deftones/around the fur/02 Deftones - Lhabia.wav,mp3_128,128 CBR,44316428,43277.76172,42.26343918,4020810,3926.572266,3.834543228,0.09072956,90.92704403,,,My Own Summer (Shove It).wav,,192 CBR,36.22517014,4.930286407,86.3898875
Deftones/around the fur/02 Deftones - Lhabia.wav,mp3_192,192 CBR,44316428,43277.76172,42.26343918,6031194,5889.837891,5.751794815,0.136093866,86.39061343,,,My Own Summer (Shove It).wav,,320 CBR,36.22517014,8.217116356,77.31655552
Deftones/around the fur/02 Deftones - Lhabia.wav,mp3_320,320 CBR,44316428,43277.76172,42.26343918,10051961,9816.368164,9.586297035,0.226822455,77.31775449,,,My Own Summer (Shove It).wav,,V0,36.22517014,7.160628319,80.23300293
Deftones/around the fur/02 Deftones - Lhabia.wav,mp3_v0,V0,44316428,43277.76172,42.26343918,8596388,8394.910156,8.198154449,0.193977457,80.60225432,,,My Own Summer (Shove It).wav,,V2,36.22517014,5.084046364,85.96543137
Deftones/around the fur/02 Deftones - Lhabia.wav,mp3_v2,V2,44316428,43277.76172,42.26343918,6185039,6040.077148,5.89851284,0.139565377,86.04346226,,,My Own Summer (Shove It).wav,,V5,36.22517014,3.528069496,90.26072346
Deftones/around the fur/02 Deftones - Lhabia.wav,mp3_v5,V5,44316428,43277.76172,42.26343918,4132705,4035.844727,3.941254616,0.09325447,90.67455301,,,track,,preset_label,wav_size_mb,encoded_size_mb,percent_reduction_from_wav
Deftones/around the fur/03 Deftones - Mascara.wav,mp3_128,128 CBR,39748844,38817.23047,37.90745163,3606612,3522.082031,3.439533234,0.090735016,90.92649839,,,How I Could Just Kill a Man,,128 CBR,41.1643486,3.734893799,90.92687258
Deftones/around the fur/03 Deftones - Mascara.wav,mp3_192,192 CBR,39748844,38817.23047,37.90745163,5242880,5120,5,0.131900188,86.80998119,,,How I Could Just Kill a Man,,192 CBR,41.1643486,5.602320671,86.39035753
Deftones/around the fur/03 Deftones - Mascara.wav,mp3_320,320 CBR,39748844,38817.23047,37.90745163,9016467,8805.143555,8.598773003,0.226835955,77.31640447,,,How I Could Just Kill a Man,,320 CBR,41.1643486,9.337174416,77.31732741
Deftones/around the fur/03 Deftones - Mascara.wav,mp3_v0,V0,39748844,38817.23047,37.90745163,7100098,6933.689453,6.771181107,0.178624012,82.13759877,,,How I Could Just Kill a Man,,V0,41.1643486,7.270041466,82.33898577
Deftones/around the fur/03 Deftones - Mascara.wav,mp3_v2,V2,39748844,38817.23047,37.90745163,5183701,5062.208008,4.943562508,0.130411365,86.95886351,,,How I Could Just Kill a Man,,V2,41.1643486,4.894587517,88.10964419
Deftones/around the fur/03 Deftones - Mascara.wav,mp3_v5,V5,39748844,38817.23047,37.90745163,3531398,3448.630859,3.367803574,0.088842785,91.1157215,,,How I Could Just Kill a Man,,V5,41.1643486,3.338737488,91.8892498
Deftones/around the fur/04 Deftones - Around the Fur.wav,mp3_128,128 CBR,37345100,36469.82422,35.61506271,3388438,3309.021484,3.231466293,0.090733135,90.9266865,,,track,preset_label,wav_size_mb,encoded_size_mb,percent_reduction_from_wav,
Deftones/around the fur/04 Deftones - Around the Fur.wav,mp3_192,192 CBR,37345100,36469.82422,35.61506271,5082635,4963.510742,4.847178459,0.136099113,86.39008866,,,Sugar,128 CBR,25.87353134,2.347776413,90.92595293,
Deftones/around the fur/04 Deftones - Around the Fur.wav,mp3_320,320 CBR,37345100,36469.82422,35.61506271,8471030,8272.490234,8.078603745,0.226831097,77.3168903,,,Sugar,192 CBR,25.87353134,3.521644592,86.3890068,
Deftones/around the fur/04 Deftones - Around the Fur.wav,mp3_v0,V0,37345100,36469.82422,35.61506271,7005083,6840.901367,6.680567741,0.187577032,81.24229685,,,Sugar,320 CBR,25.87353134,5.869380951,77.31511453,
Deftones/around the fur/04 Deftones - Around the Fur.wav,mp3_v2,V2,37345100,36469.82422,35.61506271,5177126,5055.787109,4.937292099,0.138629325,86.13706751,,,Sugar,V0,25.87353134,5.098562241,80.29429314,
Deftones/around the fur/04 Deftones - Around the Fur.wav,mp3_v5,V5,37345100,36469.82422,35.61506271,3567219,3483.612305,3.401965141,0.095520403,90.44795971,,,Sugar,V2,25.87353134,3.508071899,86.44146463,
Deftones/around the fur/05 Deftones - Rickets.wav,mp3_128,128 CBR,28729724,28056.37109,27.3987999,2606854,2545.755859,2.486089706,0.090737175,90.92628248,,,Sugar,V5,25.87353134,2.30012989,91.11010453,
Deftones/around the fur/05 Deftones - Rickets.wav,mp3_192,192 CBR,28729724,28056.37109,27.3987999,3910260,3818.613281,3.729114532,0.136105032,86.38949682,,,,,,,,
Deftones/around the fur/05 Deftones - Rickets.wav,mp3_320,320 CBR,28729724,28056.37109,27.3987999,6517071,6364.327148,6.215163231,0.22684071,77.31592897,,,,,,,,
Deftones/around the fur/05 Deftones - Rickets.wav,mp3_v0,V0,28729724,28056.37109,27.3987999,5621670,5489.912109,5.361242294,0.195674348,80.43256524,,,,,,,,
Deftones/around the fur/05 Deftones - Rickets.wav,mp3_v2,V2,28729724,28056.37109,27.3987999,3998596,3904.878906,3.813358307,0.139179757,86.08202432,,,,,,,,
Deftones/around the fur/05 Deftones - Rickets.wav,mp3_v5,V5,28729724,28056.37109,27.3987999,2723564,2659.730469,2.597393036,0.094799518,90.52004816,,,,,,,,
Deftones/around the fur/06 Deftones - Be Quiet and Drive (Far Away).wav,mp3_128,128 CBR,54335948,53062.44922,51.81879807,4929453,4813.918945,4.70109272,0.090721763,90.92782369,,,,,,,,
Deftones/around the fur/06 Deftones - Be Quiet and Drive (Far Away).wav,mp3_192,192 CBR,54335948,53062.44922,51.81879807,7394159,7220.858398,7.05161953,0.136082267,86.39177327,,,,,,,,
Deftones/around the fur/06 Deftones - Be Quiet and Drive (Far Away).wav,mp3_320,320 CBR,54335948,53062.44922,51.81879807,12323569,12034.73535,11.75267124,0.226803239,77.3196761,,,,,,,,
Deftones/around the fur/06 Deftones - Be Quiet and Drive (Far Away).wav,mp3_v0,V0,54335948,53062.44922,51.81879807,10655134,10405.4043,10.16152763,0.196097324,80.3902676,,,,,,,,
Deftones/around the fur/06 Deftones - Be Quiet and Drive (Far Away).wav,mp3_v2,V2,54335948,53062.44922,51.81879807,7728919,7547.772461,7.370871544,0.142243198,85.77568022,,,,,,,,
Deftones/around the fur/06 Deftones - Be Quiet and Drive (Far Away).wav,mp3_v5,V5,54335948,53062.44922,51.81879807,5001570,4884.345703,4.769868851,0.092049006,90.79509941,,,,,,,,
Deftones/around the fur/07 Deftones - Lotion.wav,mp3_128,128 CBR,41943260,40960.21484,40.00020981,3805561,3716.368164,3.629265785,0.090731169,90.92688313,,,,,,,,
Deftones/around the fur/07 Deftones - Lotion.wav,mp3_192,192 CBR,41943260,40960.21484,40.00020981,5708320,5574.53125,5.443878174,0.13609624,86.39037595,,,,,,,,
Deftones/around the fur/07 Deftones - Lotion.wav,mp3_320,320 CBR,41943260,40960.21484,40.00020981,9513839,9290.858398,9.073103905,0.226826408,77.31735921,,,,,,,,
Deftones/around the fur/07 Deftones - Lotion.wav,mp3_v0,V0,41943260,40960.21484,40.00020981,8101819,7911.932617,7.726496696,0.193161404,80.68385958,,,,,,,,
Deftones/around the fur/07 Deftones - Lotion.wav,mp3_v2,V2,41943260,40960.21484,40.00020981,5714208,5580.28125,5.449493408,0.136236621,86.37633794,,,,,,,,
Deftones/around the fur/07 Deftones - Lotion.wav,mp3_v5,V5,41943260,40960.21484,40.00020981,3725596,3638.277344,3.553005219,0.088824665,91.11753354,,,,,,,,
Deftones/around the fur/08 Deftones - Dai the Flu.wav,mp3_128,128 CBR,48792284,47648.71484,46.53194809,4426648,4322.898438,4.221580505,0.090724345,90.92756551,,,,,,,,
Deftones/around the fur/08 Deftones - Dai the Flu.wav,mp3_192,192 CBR,48792284,47648.71484,46.53194809,6639951,6484.327148,6.332350731,0.136086087,86.39139131,,,,,,,,
Deftones/around the fur/08 Deftones - Dai the Flu.wav,mp3_320,320 CBR,48792284,47648.71484,46.53194809,11066557,10807.18457,10.55389118,0.226809571,77.3190429,,,,,,,,
Deftones/around the fur/08 Deftones - Dai the Flu.wav,mp3_v0,V0,48792284,47648.71484,46.53194809,9293760,9075.9375,8.863220215,0.190476019,80.95239813,,,,,,,,
Deftones/around the fur/08 Deftones - Dai the Flu.wav,mp3_v2,V2,48792284,47648.71484,46.53194809,6699151,6542.139648,6.38880825,0.137299393,86.27006065,,,,,,,,
Deftones/around the fur/08 Deftones - Dai the Flu.wav,mp3_v5,V5,48792284,47648.71484,46.53194809,4414423,4310.959961,4.209921837,0.090473793,90.95262071,,,,,,,,
Deftones/around the fur/09 Deftones - Headup.wav,mp3_128,128 CBR,55206188,53912.29297,52.6487236,5008447,4891.061523,4.776427269,0.090722565,90.92774346,,,,,,,,
Deftones/around the fur/09 Deftones - Headup.wav,mp3_192,192 CBR,55206188,53912.29297,52.6487236,7512650,7336.572266,7.164621353,0.136083477,86.39165233,,,,,,,,
Deftones/around the fur/09 Deftones - Headup.wav,mp3_320,320 CBR,55206188,53912.29297,52.6487236,12521055,12227.59277,11.94100857,0.226805281,77.31947187,,,,,,,,
Deftones/around the fur/09 Deftones - Headup.wav,mp3_v0,V0,55206188,53912.29297,52.6487236,10536160,10289.21875,10.04806519,0.190851069,80.91489309,,,,,,,,
Deftones/around the fur/09 Deftones - Headup.wav,mp3_v2,V2,55206188,53912.29297,52.6487236,7575808,7398.25,7.224853516,0.137227515,86.27724849,,,,,,,,
Deftones/around the fur/09 Deftones - Headup.wav,mp3_v5,V5,55206188,53912.29297,52.6487236,5249307,5126.276367,5.006129265,0.095085482,90.49145179,,,,,,,,
Deftones/around the fur/10 Deftones - MX ／ Bong Hit ／ Damone.wav,mp3_128,128 CBR,394912604,385656.8398,376.6180077,35820816,34981.26563,34.16139221,0.090705679,90.92943207,,,,,,,,
Deftones/around the fur/10 Deftones - MX ／ Bong Hit ／ Damone.wav,mp3_192,192 CBR,394912604,385656.8398,376.6180077,53731203,52471.87793,51.24206829,0.136058466,86.39415343,,,,,,,,
Deftones/around the fur/10 Deftones - MX ／ Bong Hit ／ Damone.wav,mp3_320,320 CBR,394912604,385656.8398,376.6180077,89551977,87453.10254,85.40342045,0.226764039,77.32359613,,,,,,,,
Deftones/around the fur/10 Deftones - MX ／ Bong Hit ／ Damone.wav,mp3_v0,V0,394912604,385656.8398,376.6180077,43257545,42243.69629,41.25360966,0.109537008,89.04629922,,,,,,,,
Deftones/around the fur/10 Deftones - MX ／ Bong Hit ／ Damone.wav,mp3_v2,V2,394912604,385656.8398,376.6180077,24477703,23904.00684,23.34375668,0.061982582,93.80174176,,,,,,,,
Deftones/around the fur/10 Deftones - MX ／ Bong Hit ／ Damone.wav,mp3_v5,V5,394912604,385656.8398,376.6180077,15944112,15570.42188,15.20549011,0.040373773,95.96262266,,,,,,,,
Motion City Soundtrack/I am the movie/01 Motion City Soundtrack - Cambridge.wav,mp3_128,128 CBR,26483564,25862.85547,25.25669479,2403308,2346.980469,2.291973114,0.090747152,90.92528483,,,,,,,,
Motion City Soundtrack/I am the movie/01 Motion City Soundtrack - Cambridge.wav,mp3_192,192 CBR,26483564,25862.85547,25.25669479,3604941,3520.450195,3.437939644,0.136119935,86.38800654,,,,,,,,
Motion City Soundtrack/I am the movie/01 Motion City Soundtrack - Cambridge.wav,mp3_320,320 CBR,26483564,25862.85547,25.25669479,6008206,5867.388672,5.72987175,0.226865463,77.31345373,,,,,,,,
Motion City Soundtrack/I am the movie/01 Motion City Soundtrack - Cambridge.wav,mp3_v0,V0,26483564,25862.85547,25.25669479,5086537,4967.321289,4.850899696,0.192063916,80.79360844,,,,,,,,
Motion City Soundtrack/I am the movie/01 Motion City Soundtrack - Cambridge.wav,mp3_v2,V2,26483564,25862.85547,25.25669479,3751505,3663.579102,3.577713966,0.141654084,85.8345916,,,,,,,,
Motion City Soundtrack/I am the movie/01 Motion City Soundtrack - Cambridge.wav,mp3_v5,V5,26483564,25862.85547,25.25669479,2534894,2475.482422,2.417463303,0.095715743,90.42842572,,,,,,,,
Motion City Soundtrack/I am the movie/02 Motion City Soundtrack - Shiver.wav,mp3_128,128 CBR,30799484,30077.62109,29.37267685,2794518,2729.021484,2.665060043,0.090732624,90.9267376,,,,,,,,
Motion City Soundtrack/I am the movie/02 Motion City Soundtrack - Shiver.wav,mp3_192,192 CBR,30799484,30077.62109,29.37267685,4191755,4093.510742,3.997569084,0.136098222,86.39017784,,,,,,,,
Motion City Soundtrack/I am the movie/02 Motion City Soundtrack - Shiver.wav,mp3_320,320 CBR,30799484,30077.62109,29.37267685,6986230,6822.490234,6.66258812,0.226829449,77.31705505,,,,,,,,
Motion City Soundtrack/I am the movie/02 Motion City Soundtrack - Shiver.wav,mp3_v0,V0,30799484,30077.62109,29.37267685,5866371,5728.87793,5.594607353,0.190469782,80.95302181,,,,,,,,
Motion City Soundtrack/I am the movie/02 Motion City Soundtrack - Shiver.wav,mp3_v2,V2,30799484,30077.62109,29.37267685,4344226,4242.408203,4.142976761,0.141048662,85.89513383,,,,,,,,
Motion City Soundtrack/I am the movie/02 Motion City Soundtrack - Shiver.wav,mp3_v5,V5,30799484,30077.62109,29.37267685,2925838,2857.263672,2.790296555,0.094996332,90.50036682,,,,,,,,
Motion City Soundtrack/I am the movie/03 Motion City Soundtrack - The Future Freaks Me Out.wav,mp3_128,128 CBR,38220044,37324.26172,36.44947433,3467850,3386.572266,3.307199478,0.090733804,90.92661955,,,,,,,,
Motion City Soundtrack/I am the movie/03 Motion City Soundtrack - The Future Freaks Me Out.wav,mp3_192,192 CBR,38220044,37324.26172,36.44947433,5201754,5079.837891,4.96077919,0.136100157,86.38998427,,,,,,,,
Motion City Soundtrack/I am the movie/03 Motion City Soundtrack - The Future Freaks Me Out.wav,mp3_320,320 CBR,38220044,37324.26172,36.44947433,8669561,8466.368164,8.26793766,0.226832837,77.31671633,,,,,,,,
Motion City Soundtrack/I am the movie/03 Motion City Soundtrack - The Future Freaks Me Out.wav,mp3_v0,V0,38220044,37324.26172,36.44947433,7246867,7077.018555,6.911150932,0.18960907,81.039093,,,,,,,,
Motion City Soundtrack/I am the movie/03 Motion City Soundtrack - The Future Freaks Me Out.wav,mp3_v2,V2,38220044,37324.26172,36.44947433,5413523,5286.643555,5.162737846,0.141640941,85.83590589,,,,,,,,
Motion City Soundtrack/I am the movie/03 Motion City Soundtrack - The Future Freaks Me Out.wav,mp3_v5,V5,38220044,37324.26172,36.44947433,3688174,3601.732422,3.517316818,0.096498424,90.35015763,,,,,,,,
Motion City Soundtrack/I am the movie/04 Motion City Soundtrack - Indoor Living.wav,mp3_128,128 CBR,40047548,39108.93359,38.19231796,3633362,3548.205078,3.465044022,0.090726204,90.92737962,,,,,,,,
Motion City Soundtrack/I am the movie/04 Motion City Soundtrack - Indoor Living.wav,mp3_192,192 CBR,40047548,39108.93359,38.19231796,5450021,5322.286133,5.197545052,0.136088756,86.39112437,,,,,,,,
Motion City Soundtrack/I am the movie/04 Motion City Soundtrack - Indoor Living.wav,mp3_320,320 CBR,40047548,39108.93359,38.19231796,9083341,8870.450195,8.662549019,0.226813911,77.31860887,,,,,,,,
Motion City Soundtrack/I am the movie/04 Motion City Soundtrack - Indoor Living.wav,mp3_v0,V0,40047548,39108.93359,38.19231796,7480218,7304.900391,7.133691788,0.186783421,81.32165795,,,,,,,,
Motion City Soundtrack/I am the movie/04 Motion City Soundtrack - Indoor Living.wav,mp3_v2,V2,40047548,39108.93359,38.19231796,5542389,5412.489258,5.285634041,0.138395215,86.16047854,,,,,,,,
Motion City Soundtrack/I am the movie/04 Motion City Soundtrack - Indoor Living.wav,mp3_v5,V5,40047548,39108.93359,38.19231796,3750706,3662.798828,3.576951981,0.093656321,90.63436793,,,,,,,,
Motion City Soundtrack/I am the movie/05 Motion City Soundtrack - My Favorite Accident.wav,mp3_128,128 CBR,35315324,34487.62109,33.67931747,3204118,3129.021484,3.055685043,0.090728829,90.92711708,,,,,,,,
Motion City Soundtrack/I am the movie/05 Motion City Soundtrack - My Favorite Accident.wav,mp3_192,192 CBR,35315324,34487.62109,33.67931747,4806155,4693.510742,4.583506584,0.136092621,86.39073791,,,,,,,,
Motion City Soundtrack/I am the movie/05 Motion City Soundtrack - My Favorite Accident.wav,mp3_320,320 CBR,35315324,34487.62109,33.67931747,8010230,7822.490234,7.63915062,0.226820232,77.31797675,,,,,,,,
Motion City Soundtrack/I am the movie/05 Motion City Soundtrack - My Favorite Accident.wav,mp3_v0,V0,35315324,34487.62109,33.67931747,6791221,6632.051758,6.476613045,0.192302384,80.76976159,,,,,,,,
Motion City Soundtrack/I am the movie/05 Motion City Soundtrack - My Favorite Accident.wav,mp3_v2,V2,35315324,34487.62109,33.67931747,5051109,4932.723633,4.817112923,0.143028817,85.69711834,,,,,,,,
Motion City Soundtrack/I am the movie/05 Motion City Soundtrack - My Favorite Accident.wav,mp3_v5,V5,35315324,34487.62109,33.67931747,3389732,3310.285156,3.232700348,0.095984735,90.40152654,,,,,,,,
Motion City Soundtrack/I am the movie/06 Motion City Soundtrack - Perfect Teeth.wav,mp3_128,128 CBR,36914684,36049.49609,35.20458603,3349150,3270.654297,3.193998337,0.090726769,90.92732312,,,,,,,,
Motion City Soundtrack/I am the movie/06 Motion City Soundtrack - Perfect Teeth.wav,mp3_192,192 CBR,36914684,36049.49609,35.20458603,5023703,4905.959961,4.790976524,0.136089557,86.39104428,,,,,,,,
Motion City Soundtrack/I am the movie/06 Motion City Soundtrack - Perfect Teeth.wav,mp3_320,320 CBR,36914684,36049.49609,35.20458603,8372810,8176.572266,7.984933853,0.226815161,77.31848389,,,,,,,,
Motion City Soundtrack/I am the movie/06 Motion City Soundtrack - Perfect Teeth.wav,mp3_v0,V0,36914684,36049.49609,35.20458603,7165277,6997.34082,6.833340645,0.194103707,80.58962932,,,,,,,,
Motion City Soundtrack/I am the movie/06 Motion City Soundtrack - Perfect Teeth.wav,mp3_v2,V2,36914684,36049.49609,35.20458603,5277009,5153.329102,5.032547951,0.142951488,85.70485122,,,,,,,,
Motion City Soundtrack/I am the movie/06 Motion City Soundtrack - Perfect Teeth.wav,mp3_v5,V5,36914684,36049.49609,35.20458603,3561144,3477.679688,3.39617157,0.096469578,90.35304217,,,,,,,,
Motion City Soundtrack/I am the movie/07 Motion City Soundtrack - Boombox Generation.wav,mp3_128,128 CBR,33104444,32328.55859,31.570858,3003915,2933.510742,2.864756584,0.090740536,90.92594638,,,,,,,,
Motion City Soundtrack/I am the movie/07 Motion City Soundtrack - Boombox Generation.wav,mp3_192,192 CBR,33104444,32328.55859,31.570858,4505852,4400.246094,4.297115326,0.136110185,86.38898149,,,,,,,,
Motion City Soundtrack/I am the movie/07 Motion City Soundtrack - Boombox Generation.wav,mp3_320,320 CBR,33104444,32328.55859,31.570858,7509724,7333.714844,7.161830902,0.226849422,77.31505776,,,,,,,,
Motion City Soundtrack/I am the movie/07 Motion City Soundtrack - Boombox Generation.wav,mp3_v0,V0,33104444,32328.55859,31.570858,6498933,6346.614258,6.197865486,0.196316029,80.36839706,,,,,,,,
Motion City Soundtrack/I am the movie/07 Motion City Soundtrack - Boombox Generation.wav,mp3_v2,V2,33104444,32328.55859,31.570858,4697730,4587.626953,4.480104446,0.141906325,85.80936747,,,,,,,,
Motion City Soundtrack/I am the movie/07 Motion City Soundtrack - Boombox Generation.wav,mp3_v5,V5,33104444,32328.55859,31.570858,3102260,3029.550781,2.958545685,0.093711285,90.62887146,,,,,,,,
Motion City Soundtrack/I am the movie/08 Motion City Soundtrack - Don’t Call It a Comeback.wav,mp3_128,128 CBR,19658060,19197.32422,18.74738693,1784310,1742.490234,1.70165062,0.090767349,90.92326506,,,,,,,,
Motion City Soundtrack/I am the movie/08 Motion City Soundtrack - Don’t Call It a Comeback.wav,mp3_192,192 CBR,19658060,19197.32422,18.74738693,2676444,2613.714844,2.552455902,0.136149956,86.38500442,,,,,,,,
Motion City Soundtrack/I am the movie/08 Motion City Soundtrack - Don’t Call It a Comeback.wav,mp3_320,320 CBR,19658060,19197.32422,18.74738693,4460712,4356.164063,4.254066467,0.226915169,77.30848314,,,,,,,,
Motion City Soundtrack/I am the movie/08 Motion City Soundtrack - Don’t Call It a Comeback.wav,mp3_v0,V0,19658060,19197.32422,18.74738693,3689188,3602.722656,3.518283844,0.187667959,81.23320409,,,,,,,,
Motion City Soundtrack/I am the movie/08 Motion City Soundtrack - Don’t Call It a Comeback.wav,mp3_v2,V2,19658060,19197.32422,18.74738693,2743626,2679.322266,2.61652565,0.139567485,86.04325147,,,,,,,,
Motion City Soundtrack/I am the movie/08 Motion City Soundtrack - Don’t Call It a Comeback.wav,mp3_v5,V5,19658060,19197.32422,18.74738693,1873453,1829.543945,1.786664009,0.095302029,90.46979712,,,,,,,,
Motion City Soundtrack/I am the movie/09 Motion City Soundtrack - Modern Chemistry.wav,mp3_128,128 CBR,25178204,24588.08984,24.01180649,2285025,2231.469727,2.179169655,0.09075409,90.92459097,,,,,,,,
Motion City Soundtrack/I am the movie/09 Motion City Soundtrack - Modern Chemistry.wav,mp3_192,192 CBR,25178204,24588.08984,24.01180649,3427517,3347.18457,3.268734932,0.136130321,86.38696787,,,,,,,,
Motion City Soundtrack/I am the movie/09 Motion City Soundtrack - Modern Chemistry.wav,mp3_320,320 CBR,25178204,24588.08984,24.01180649,5712500,5578.613281,5.447864532,0.226882744,77.31172565,,,,,,,,
Motion City Soundtrack/I am the movie/09 Motion City Soundtrack - Modern Chemistry.wav,mp3_v0,V0,25178204,24588.08984,24.01180649,4542447,4435.983398,4.332015038,0.180411875,81.95881247,,,,,,,,
Motion City Soundtrack/I am the movie/09 Motion City Soundtrack - Modern Chemistry.wav,mp3_v2,V2,25178204,24588.08984,24.01180649,3255336,3179.039063,3.104530334,0.129291827,87.07081728,,,,,,,,
Motion City Soundtrack/I am the movie/09 Motion City Soundtrack - Modern Chemistry.wav,mp3_v5,V5,25178204,24588.08984,24.01180649,2199833,2148.274414,2.097924232,0.087370529,91.26294711,,,,,,,,
Motion City Soundtrack/I am the movie/10 Motion City Soundtrack - Capital H.wav,mp3_128,128 CBR,30376124,29664.18359,28.96892929,2756483,2691.87793,2.628787041,0.090745054,90.92549464,,,,,,,,
Motion City Soundtrack/I am the movie/10 Motion City Soundtrack - Capital H.wav,mp3_192,192 CBR,30376124,29664.18359,28.96892929,4134704,4037.796875,3.943161011,0.136116906,86.38830945,,,,,,,,
Motion City Soundtrack/I am the movie/10 Motion City Soundtrack - Capital H.wav,mp3_320,320 CBR,30376124,29664.18359,28.96892929,6891145,6729.633789,6.571907997,0.226860576,77.31394236,,,,,,,,
Motion City Soundtrack/I am the movie/10 Motion City Soundtrack - Capital H.wav,mp3_v0,V0,30376124,29664.18359,28.96892929,5778923,5643.479492,5.511210442,0.190245569,80.97544308,,,,,,,,
Motion City Soundtrack/I am the movie/10 Motion City Soundtrack - Capital H.wav,mp3_v2,V2,30376124,29664.18359,28.96892929,4207382,4108.771484,4.012472153,0.138509508,86.14904917,,,,,,,,
Motion City Soundtrack/I am the movie/10 Motion City Soundtrack - Capital H.wav,mp3_v5,V5,30376124,29664.18359,28.96892929,2846624,2779.90625,2.714752197,0.093712549,90.62874513,,,,,,,,
Motion City Soundtrack/I am the movie/11 Motion City Soundtrack - Red Dress.wav,mp3_128,128 CBR,27617228,26969.94922,26.33784103,2506126,2447.388672,2.390028,0.090745023,90.92549766,,,,,,,,
Motion City Soundtrack/I am the movie/11 Motion City Soundtrack - Red Dress.wav,mp3_192,192 CBR,27617228,26969.94922,26.33784103,3759168,3671.0625,3.585021973,0.136116775,86.38832254,,,,,,,,
Motion City Soundtrack/I am the movie/11 Motion City Soundtrack - Red Dress.wav,mp3_320,320 CBR,27617228,26969.94922,26.33784103,6265251,6118.40918,5.975008965,0.226860241,77.3139759,,,,,,,,
Motion City Soundtrack/I am the movie/11 Motion City Soundtrack - Red Dress.wav,mp3_v0,V0,27617228,26969.94922,26.33784103,5205778,5083.767578,4.964616776,0.188497484,81.15025157,,,,,,,,
Motion City Soundtrack/I am the movie/11 Motion City Soundtrack - Red Dress.wav,mp3_v2,V2,27617228,26969.94922,26.33784103,3863671,3773.116211,3.6846838,0.139900753,86.00992467,,,,,,,,
Motion City Soundtrack/I am the movie/11 Motion City Soundtrack - Red Dress.wav,mp3_v5,V5,27617228,26969.94922,26.33784103,2608272,2547.140625,2.487442017,0.094443657,90.55563433,,,,,,,,
Motion City Soundtrack/I am the movie/12 Motion City Soundtrack - Mary Without Sound.wav,mp3_128,128 CBR,31752044,31007.85547,30.28110886,2881035,2813.510742,2.747569084,0.090735418,90.92645815,,,,,,,,
Motion City Soundtrack/I am the movie/12 Motion City Soundtrack - Mary Without Sound.wav,mp3_192,192 CBR,31752044,31007.85547,30.28110886,4321532,4220.246094,4.121334076,0.136102482,86.38975179,,,,,,,,
Motion City Soundtrack/I am the movie/12 Motion City Soundtrack - Mary Without Sound.wav,mp3_320,320 CBR,31752044,31007.85547,30.28110886,7202524,7033.714844,6.868862152,0.226836546,77.31634537,,,,,,,,
Motion City Soundtrack/I am the movie/12 Motion City Soundtrack - Mary Without Sound.wav,mp3_v0,V0,31752044,31007.85547,30.28110886,6056633,5914.680664,5.776055336,0.190747815,80.92521855,,,,,,,,
Motion City Soundtrack/I am the movie/12 Motion City Soundtrack - Mary Without Sound.wav,mp3_v2,V2,31752044,31007.85547,30.28110886,4414587,4311.120117,4.210078239,0.13903316,86.09668404,,,,,,,,
Motion City Soundtrack/I am the movie/12 Motion City Soundtrack - Mary Without Sound.wav,mp3_v5,V5,31752044,31007.85547,30.28110886,2956616,2887.320313,2.819648743,0.093115769,90.68842308,,,,,,,,
Motion City Soundtrack/I am the movie/13 Motion City Soundtrack - Autographs & Apologies.wav,mp3_128,128 CBR,41065964,40103.48047,39.16355515,3725731,3638.40918,3.553133965,0.090725522,90.92744785,,,,,,,,
Motion City Soundtrack/I am the movie/13 Motion City Soundtrack - Autographs & Apologies.wav,mp3_192,192 CBR,41065964,40103.48047,39.16355515,5588575,5457.592773,5.329680443,0.136087759,86.39122413,,,,,,,,
Motion City Soundtrack/I am the movie/13 Motion City Soundtrack - Autographs & Apologies.wav,mp3_320,320 CBR,41065964,40103.48047,39.16355515,9314263,9095.959961,8.882773399,0.226812233,77.31877669,,,,,,,,
Motion City Soundtrack/I am the movie/13 Motion City Soundtrack - Autographs & Apologies.wav,mp3_v0,V0,41065964,40103.48047,39.16355515,7894887,7709.850586,7.529150963,0.192248914,80.77510855,,,,,,,,
Motion City Soundtrack/I am the movie/13 Motion City Soundtrack - Autographs & Apologies.wav,mp3_v2,V2,41065964,40103.48047,39.16355515,5730878,5596.560547,5.465391159,0.139552988,86.04470115,,,,,,,,
Motion City Soundtrack/I am the movie/13 Motion City Soundtrack - Autographs & Apologies.wav,mp3_v5,V5,41065964,40103.48047,39.16355515,3860771,3770.28418,3.681918144,0.094013889,90.59861105,,,,,,,,
Motion City Soundtrack/I am the movie/14 Motion City Soundtrack - A‐OK.wav,mp3_128,128 CBR,40089884,39150.27734,38.23269272,3637541,3552.286133,3.469029427,0.090734635,90.92653648,,,,,,,,
Motion City Soundtrack/I am the movie/14 Motion City Soundtrack - A‐OK.wav,mp3_192,192 CBR,40089884,39150.27734,38.23269272,5456291,5328.40918,5.20352459,0.136101441,86.38985585,,,,,,,,
Motion City Soundtrack/I am the movie/14 Motion City Soundtrack - A‐OK.wav,mp3_320,320 CBR,40089884,39150.27734,38.23269272,9093790,8880.654297,8.672513962,0.226835029,77.3164971,,,,,,,,
Motion City Soundtrack/I am the movie/14 Motion City Soundtrack - A‐OK.wav,mp3_v0,V0,40089884,39150.27734,38.23269272,7503463,7327.600586,7.155859947,0.187165994,81.28340057,,,,,,,,
Motion City Soundtrack/I am the movie/14 Motion City Soundtrack - A‐OK.wav,mp3_v2,V2,40089884,39150.27734,38.23269272,5559527,5429.225586,5.301978111,0.138676555,86.13234451,,,,,,,,
Motion City Soundtrack/I am the movie/14 Motion City Soundtrack - A‐OK.wav,mp3_v5,V5,40089884,39150.27734,38.23269272,3740996,3653.316406,3.567691803,0.093315211,90.66847886,,,,,,,,
Motion City Soundtrack/commit this to memory/01 Motion City Soundtrack - Attractive Today.wav,mp3_128,128 CBR,18103388,17679.08984,17.26473618,1643040,1604.53125,1.566925049,0.090758702,90.92412978,,,,,,,,
Motion City Soundtrack/commit this to memory/01 Motion City Soundtrack - Attractive Today.wav,mp3_192,192 CBR,18103388,17679.08984,17.26473618,2464539,2406.776367,2.350367546,0.136136893,86.38631067,,,,,,,,
Motion City Soundtrack/commit this to memory/01 Motion City Soundtrack - Attractive Today.wav,mp3_320,320 CBR,18103388,17679.08984,17.26473618,4107537,4011.266602,3.917252541,0.226893275,77.31067246,,,,,,,,
Motion City Soundtrack/commit this to memory/01 Motion City Soundtrack - Attractive Today.wav,mp3_v0,V0,18103388,17679.08984,17.26473618,3657280,3571.5625,3.487854004,0.202021854,79.79781464,,,,,,,,
Motion City Soundtrack/commit this to memory/01 Motion City Soundtrack - Attractive Today.wav,mp3_v2,V2,18103388,17679.08984,17.26473618,2588234,2527.572266,2.468332291,0.142969592,85.70304078,,,,,,,,
Motion City Soundtrack/commit this to memory/01 Motion City Soundtrack - Attractive Today.wav,mp3_v5,V5,18103388,17679.08984,17.26473618,1644887,1606.334961,1.568686485,0.090860727,90.91392727,,,,,,,,
Motion City Soundtrack/commit this to memory/02 Motion City Soundtrack - Everything Is Alright.wav,mp3_128,128 CBR,36333740,35482.16797,34.65055466,3296487,3219.225586,3.143774986,0.090727985,90.92720155,,,,,,,,
Motion City Soundtrack/commit this to memory/02 Motion City Soundtrack - Everything Is Alright.wav,mp3_192,192 CBR,36333740,35482.16797,34.65055466,4944709,4828.817383,4.715641975,0.136091385,86.3908615,,,,,,,,
Motion City Soundtrack/commit this to memory/02 Motion City Soundtrack - Everything Is Alright.wav,mp3_320,320 CBR,36333740,35482.16797,34.65055466,8241153,8048.000977,7.859375954,0.226818186,77.31818139,,,,,,,,
Motion City Soundtrack/commit this to memory/02 Motion City Soundtrack - Everything Is Alright.wav,mp3_v0,V0,36333740,35482.16797,34.65055466,7301262,7130.138672,6.963026047,0.200949916,79.9050084,,,,,,,,
Motion City Soundtrack/commit this to memory/02 Motion City Soundtrack - Everything Is Alright.wav,mp3_v2,V2,36333740,35482.16797,34.65055466,5167243,5046.135742,4.927866936,0.142216105,85.77838945,,,,,,,,
Motion City Soundtrack/commit this to memory/02 Motion City Soundtrack - Everything Is Alright.wav,mp3_v5,V5,36333740,35482.16797,34.65055466,3338862,3260.607422,3.184186935,0.091894256,90.81057441,,,,,,,,
Motion City Soundtrack/commit this to memory/03 Motion City Soundtrack - When “You’re” Around.wav,mp3_128,128 CBR,30293804,29583.79297,28.89042282,2748960,2684.53125,2.621612549,0.090743308,90.92566916,,,,,,,,
Motion City Soundtrack/commit this to memory/03 Motion City Soundtrack - When “You’re” Around.wav,mp3_192,192 CBR,30293804,29583.79297,28.89042282,4123419,4026.776367,3.932398796,0.136114269,86.38857306,,,,,,,,
Motion City Soundtrack/commit this to memory/03 Motion City Soundtrack - When “You’re” Around.wav,mp3_320,320 CBR,30293804,29583.79297,28.89042282,6872337,6711.266602,6.553971291,0.226856191,77.31438085,,,,,,,,
Motion City Soundtrack/commit this to memory/03 Motion City Soundtrack - When “You’re” Around.wav,mp3_v0,V0,30293804,29583.79297,28.89042282,6233794,6087.689453,5.945009232,0.205777855,79.42221452,,,,,,,,
Motion City Soundtrack/commit this to memory/03 Motion City Soundtrack - When “You’re” Around.wav,mp3_v2,V2,30293804,29583.79297,28.89042282,4329976,4228.492188,4.129386902,0.142932726,85.70672736,,,,,,,,
Motion City Soundtrack/commit this to memory/03 Motion City Soundtrack - When “You’re” Around.wav,mp3_v5,V5,30293804,29583.79297,28.89042282,2781717,2716.520508,2.652852058,0.091824619,90.81753813,,,,,,,,
Motion City Soundtrack/commit this to memory/04 Motion City Soundtrack - Resolution.wav,mp3_128,128 CBR,40223948,39281.19922,38.36054611,3649662,3564.123047,3.480588913,0.09073356,90.926644,,,,,,,,
Motion City Soundtrack/commit this to memory/04 Motion City Soundtrack - Resolution.wav,mp3_192,192 CBR,40223948,39281.19922,38.36054611,5474472,5346.164063,5.220863342,0.136099818,86.39001821,,,,,,,,
Motion City Soundtrack/commit this to memory/04 Motion City Soundtrack - Resolution.wav,mp3_320,320 CBR,40223948,39281.19922,38.36054611,9124092,8910.246094,8.701412201,0.226832334,77.31676662,,,,,,,,
Motion City Soundtrack/commit this to memory/04 Motion City Soundtrack - Resolution.wav,mp3_v0,V0,40223948,39281.19922,38.36054611,7871430,7686.943359,7.506780624,0.19569014,80.43098604,,,,,,,,
Motion City Soundtrack/commit this to memory/04 Motion City Soundtrack - Resolution.wav,mp3_v2,V2,40223948,39281.19922,38.36054611,5739822,5605.294922,5.473920822,0.142696634,85.73033656,,,,,,,,
Motion City Soundtrack/commit this to memory/04 Motion City Soundtrack - Resolution.wav,mp3_v5,V5,40223948,39281.19922,38.36054611,3636706,3551.470703,3.468233109,0.090411463,90.95885367,,,,,,,,
Motion City Soundtrack/commit this to memory/05 Motion City Soundtrack - Feel Like Rain.wav,mp3_128,128 CBR,37803740,36917.71484,36.0524559,3429816,3349.429688,3.270927429,0.090726896,90.92731037,,,,,,,,
Motion City Soundtrack/commit this to memory/05 Motion City Soundtrack - Feel Like Rain.wav,mp3_192,192 CBR,37803740,36917.71484,36.0524559,5144702,5024.123047,4.906370163,0.136089763,86.39102375,,,,,,,,
Motion City Soundtrack/commit this to memory/05 Motion City Soundtrack - Feel Like Rain.wav,mp3_320,320 CBR,37803740,36917.71484,36.0524559,8574475,8373.510742,8.177256584,0.226815521,77.31844786,,,,,,,,
Motion City Soundtrack/commit this to memory/05 Motion City Soundtrack - Feel Like Rain.wav,mp3_v0,V0,37803740,36917.71484,36.0524559,7415633,7241.829102,7.072098732,0.196161359,80.38386414,,,,,,,,
Motion City Soundtrack/commit this to memory/05 Motion City Soundtrack - Feel Like Rain.wav,mp3_v2,V2,37803740,36917.71484,36.0524559,5285682,5161.798828,5.040819168,0.139819023,86.01809768,,,,,,,,
Motion City Soundtrack/commit this to memory/05 Motion City Soundtrack - Feel Like Rain.wav,mp3_v5,V5,37803740,36917.71484,36.0524559,3411015,3331.069336,3.252997398,0.090229565,90.97704354,,,,,,,,
Motion City Soundtrack/commit this to memory/06 Motion City Soundtrack - Make Out Kids.wav,mp3_128,128 CBR,32587004,31823.24609,31.07738876,2956686,2887.388672,2.8197155,0.09073206,90.92679401,,,,,,,,
Motion City Soundtrack/commit this to memory/06 Motion City Soundtrack - Make Out Kids.wav,mp3_192,192 CBR,32587004,31823.24609,31.07738876,4435008,4331.0625,4.229553223,0.136097445,86.39025545,,,,,,,,
Motion City Soundtrack/commit this to memory/06 Motion City Soundtrack - Make Out Kids.wav,mp3_320,320 CBR,32587004,31823.24609,31.07738876,7391651,7218.40918,7.049227715,0.226828186,77.31718141,,,,,,,,
Motion City Soundtrack/commit this to memory/06 Motion City Soundtrack - Make Out Kids.wav,mp3_v0,V0,32587004,31823.24609,31.07738876,6240551,6094.288086,5.951453209,0.191504288,80.8495712,,,,,,,,
Motion City Soundtrack/commit this to memory/06 Motion City Soundtrack - Make Out Kids.wav,mp3_v2,V2,32587004,31823.24609,31.07738876,4373229,4270.731445,4.170636177,0.134201628,86.57983716,,,,,,,,
Motion City Soundtrack/commit this to memory/06 Motion City Soundtrack - Make Out Kids.wav,mp3_v5,V5,32587004,31823.24609,31.07738876,2890171,2822.432617,2.756281853,0.088690909,91.13090912,,,,,,,,
Motion City Soundtrack/commit this to memory/07 Motion City Soundtrack - Time Turned Fragile.wav,mp3_128,128 CBR,45134924,44077.07422,43.04401779,4094789,3998.817383,3.9050951,0.090723294,90.92767056,,,,,,,,
Motion City Soundtrack/commit this to memory/07 Motion City Soundtrack - Time Turned Fragile.wav,mp3_192,192 CBR,45134924,44077.07422,43.04401779,6142162,5998.205078,5.857622147,0.136084465,86.39155347,,,,,,,,
Motion City Soundtrack/commit this to memory/07 Motion City Soundtrack - Time Turned Fragile.wav,mp3_320,320 CBR,45134924,44077.07422,43.04401779,10236908,9996.980469,9.762676239,0.226806807,77.31931929,,,,,,,,
Motion City Soundtrack/commit this to memory/07 Motion City Soundtrack - Time Turned Fragile.wav,mp3_v0,V0,45134924,44077.07422,43.04401779,8816117,8609.489258,8.407704353,0.195328057,80.46719432,,,,,,,,
Motion City Soundtrack/commit this to memory/07 Motion City Soundtrack - Time Turned Fragile.wav,mp3_v2,V2,45134924,44077.07422,43.04401779,6376478,6227.029297,6.081083298,0.141275922,85.87240781,,,,,,,,
Motion City Soundtrack/commit this to memory/07 Motion City Soundtrack - Time Turned Fragile.wav,mp3_v5,V5,45134924,44077.07422,43.04401779,4100780,4004.667969,3.910808563,0.09085603,90.91439702,,,,,,,,
Motion City Soundtrack/commit this to memory/08 Motion City Soundtrack - L.G. FUAD.wav,mp3_128,128 CBR,32968028,32195.33984,31.44076157,2991376,2921.265625,2.852798462,0.090735667,90.92643333,,,,,,,,
Motion City Soundtrack/commit this to memory/08 Motion City Soundtrack - L.G. FUAD.wav,mp3_192,192 CBR,32968028,32195.33984,31.44076157,4487043,4381.87793,4.279177666,0.136102863,86.38971369,,,,,,,,
Motion City Soundtrack/commit this to memory/08 Motion City Soundtrack - L.G. FUAD.wav,mp3_320,320 CBR,32968028,32195.33984,31.44076157,7478377,7303.102539,7.131936073,0.226837256,77.31627442,,,,,,,,
Motion City Soundtrack/commit this to memory/08 Motion City Soundtrack - L.G. FUAD.wav,mp3_v0,V0,32968028,32195.33984,31.44076157,6360977,6211.891602,6.066300392,0.192943812,80.70561879,,,,,,,,
Motion City Soundtrack/commit this to memory/08 Motion City Soundtrack - L.G. FUAD.wav,mp3_v2,V2,32968028,32195.33984,31.44076157,4624257,4515.875977,4.410035133,0.140264895,85.97351046,,,,,,,,
Motion City Soundtrack/commit this to memory/08 Motion City Soundtrack - L.G. FUAD.wav,mp3_v5,V5,32968028,32195.33984,31.44076157,3106097,3033.297852,2.962204933,0.094215432,90.5784568,,,,,,,,
Motion City Soundtrack/commit this to memory/09 Motion City Soundtrack - Better Open the Door.wav,mp3_128,128 CBR,31904924,31157.15234,30.42690659,2894828,2826.980469,2.760723114,0.090732954,90.92670461,,,,,,,,
Motion City Soundtrack/commit this to memory/09 Motion City Soundtrack - Better Open the Door.wav,mp3_192,192 CBR,31904924,31157.15234,30.42690659,4342221,4240.450195,4.141064644,0.136098773,86.39012273,,,,,,,,
Motion City Soundtrack/commit this to memory/09 Motion City Soundtrack - Better Open the Door.wav,mp3_320,320 CBR,31904924,31157.15234,30.42690659,7237006,7067.388672,6.90174675,0.226830379,77.31696211,,,,,,,,
Motion City Soundtrack/commit this to memory/09 Motion City Soundtrack - Better Open the Door.wav,mp3_v0,V0,31904924,31157.15234,30.42690659,6135645,5991.84082,5.851407051,0.192310284,80.76897159,,,,,,,,
Motion City Soundtrack/commit this to memory/09 Motion City Soundtrack - Better Open the Door.wav,mp3_v2,V2,31904924,31157.15234,30.42690659,4385418,4282.634766,4.182260513,0.137452702,86.25472983,,,,,,,,
Motion City Soundtrack/commit this to memory/09 Motion City Soundtrack - Better Open the Door.wav,mp3_v5,V5,31904924,31157.15234,30.42690659,2813160,2747.226563,2.68283844,0.088173224,91.18267763,,,,,,,,
Motion City Soundtrack/commit this to memory/10 Motion City Soundtrack - Together We’ll Ring in the New Year.wav,mp3_128,128 CBR,23567084,23014.73047,22.47532272,2138740,2088.613281,2.039661407,0.090751151,90.92488489,,,,,,,,
Motion City Soundtrack/commit this to memory/10 Motion City Soundtrack - Together We’ll Ring in the New Year.wav,mp3_192,192 CBR,23567084,23014.73047,22.47532272,3208088,3132.898438,3.05947113,0.136125793,86.38742069,,,,,,,,
Motion City Soundtrack/commit this to memory/10 Motion City Soundtrack - Together We’ll Ring in the New Year.wav,mp3_320,320 CBR,23567084,23014.73047,22.47532272,5346786,5221.470703,5.099092484,0.226875162,77.3124838,,,,,,,,
Motion City Soundtrack/commit this to memory/10 Motion City Soundtrack - Together We’ll Ring in the New Year.wav,mp3_v0,V0,23567084,23014.73047,22.47532272,4272867,4172.72168,4.074923515,0.181306563,81.8693437,,,,,,,,
Motion City Soundtrack/commit this to memory/10 Motion City Soundtrack - Together We’ll Ring in the New Year.wav,mp3_v2,V2,23567084,23014.73047,22.47532272,3169812,3095.519531,3.022968292,0.134501663,86.54983366,,,,,,,,
Motion City Soundtrack/commit this to memory/10 Motion City Soundtrack - Together We’ll Ring in the New Year.wav,mp3_v5,V5,23567084,23014.73047,22.47532272,2106967,2057.584961,2.009360313,0.089402957,91.05970429,,,,,,,,
Motion City Soundtrack/commit this to memory/11 Motion City Soundtrack - Hangman.wav,mp3_128,128 CBR,30235004,29526.37109,28.83434677,2743527,2679.225586,2.616431236,0.090740091,90.92599095,,,,,,,,
Motion City Soundtrack/commit this to memory/11 Motion City Soundtrack - Hangman.wav,mp3_192,192 CBR,30235004,29526.37109,28.83434677,4115269,4018.817383,3.92462635,0.136109425,86.38905753,,,,,,,,
Motion City Soundtrack/commit this to memory/11 Motion City Soundtrack - Hangman.wav,mp3_320,320 CBR,30235004,29526.37109,28.83434677,6858753,6698.000977,6.541016579,0.226848093,77.3151907,,,,,,,,
Motion City Soundtrack/commit this to memory/11 Motion City Soundtrack - Hangman.wav,mp3_v0,V0,30235004,29526.37109,28.83434677,5832061,5695.37207,5.561886787,0.192891028,80.71089721,,,,,,,,
Motion City Soundtrack/commit this to memory/11 Motion City Soundtrack - Hangman.wav,mp3_v2,V2,30235004,29526.37109,28.83434677,4178208,4080.28125,3.984649658,0.138191085,86.18089153,,,,,,,,
Motion City Soundtrack/commit this to memory/11 Motion City Soundtrack - Hangman.wav,mp3_v5,V5,30235004,29526.37109,28.83434677,2635033,2573.274414,2.512963295,0.087151733,91.28482669,,,,,,,,
Motion City Soundtrack/commit this to memory/12 Motion City Soundtrack - Hold Me Down.wav,mp3_128,128 CBR,56325740,55005.60547,53.71641159,5110012,4990.246094,4.873287201,0.090722501,90.92774991,,,,,,,,
Motion City Soundtrack/commit this to memory/12 Motion City Soundtrack - Hold Me Down.wav,mp3_192,192 CBR,56325740,55005.60547,53.71641159,7664996,7485.347656,7.309909821,0.136083361,86.39166392,,,,,,,,
Motion City Soundtrack/commit this to memory/12 Motion City Soundtrack - Hold Me Down.wav,mp3_320,320 CBR,56325740,55005.60547,53.71641159,12774965,12475.55176,12.18315601,0.226805098,77.31949017,,,,,,,,
Motion City Soundtrack/commit this to memory/12 Motion City Soundtrack - Hold Me Down.wav,mp3_v0,V0,56325740,55005.60547,53.71641159,10074575,9838.452148,9.607863426,0.178862719,82.11372811,,,,,,,,
Motion City Soundtrack/commit this to memory/12 Motion City Soundtrack - Hold Me Down.wav,mp3_v2,V2,56325740,55005.60547,53.71641159,7221734,7052.474609,6.887182236,0.128213744,87.17862562,,,,,,,,
Motion City Soundtrack/commit this to memory/12 Motion City Soundtrack - Hold Me Down.wav,mp3_v5,V5,56325740,55005.60547,53.71641159,4767833,4656.086914,4.546959877,0.084647499,91.53525014,,,,,,,,
Rage Against the Machine/Renegades/01 Rage Against the Machine - Microphone Fiend.wav,mp3_128,128 CBR,53230508,51982.91797,50.76456833,4829143,4715.959961,4.605429649,0.09072134,90.92786603,,,,,,,,
Rage Against the Machine/Renegades/01 Rage Against the Machine - Microphone Fiend.wav,mp3_192,192 CBR,53230508,51982.91797,50.76456833,7243693,7073.918945,6.90812397,0.136081606,86.39183943,,,,,,,,
Rage Against the Machine/Renegades/01 Rage Against the Machine - Microphone Fiend.wav,mp3_320,320 CBR,53230508,51982.91797,50.76456833,12072794,11789.83789,11.51351357,0.226802156,77.31978436,,,,,,,,
Rage Against the Machine/Renegades/01 Rage Against the Machine - Microphone Fiend.wav,mp3_v0,V0,53230508,51982.91797,50.76456833,9232861,9016.46582,8.805142403,0.173450552,82.65494479,,,,,,,,
Rage Against the Machine/Renegades/01 Rage Against the Machine - Microphone Fiend.wav,mp3_v2,V2,53230508,51982.91797,50.76456833,6516832,6364.09375,6.214935303,0.122426635,87.75733645,,,,,,,,
Rage Against the Machine/Renegades/01 Rage Against the Machine - Microphone Fiend.wav,mp3_v5,V5,53230508,51982.91797,50.76456833,4197720,4099.335938,4.003257751,0.078859289,92.11407113,,,,,,,,
Rage Against the Machine/Renegades/02 Rage Against the Machine - Pistol Grip Pump.wav,mp3_128,128 CBR,35016620,34195.91797,33.39445114,3177368,3102.898438,3.030174255,0.090738855,90.92611451,,,,,,,,
Rage Against the Machine/Renegades/02 Rage Against the Machine - Pistol Grip Pump.wav,mp3_192,192 CBR,35016620,34195.91797,33.39445114,4766031,4654.327148,4.545241356,0.136107683,86.38923174,,,,,,,,
Rage Against the Machine/Renegades/02 Rage Against the Machine - Pistol Grip Pump.wav,mp3_320,320 CBR,35016620,34195.91797,33.39445114,7943357,7757.18457,7.575375557,0.226845338,77.3154662,,,,,,,,
Rage Against the Machine/Renegades/02 Rage Against the Machine - Pistol Grip Pump.wav,mp3_v0,V0,35016620,34195.91797,33.39445114,5810857,5674.665039,5.541665077,0.165945685,83.40543148,,,,,,,,
Rage Against the Machine/Renegades/02 Rage Against the Machine - Pistol Grip Pump.wav,mp3_v2,V2,35016620,34195.91797,33.39445114,4167377,4069.704102,3.974320412,0.119011401,88.09885991,,,,,,,,
Rage Against the Machine/Renegades/02 Rage Against the Machine - Pistol Grip Pump.wav,mp3_v5,V5,35016620,34195.91797,33.39445114,2908526,2840.357422,2.773786545,0.083061301,91.69386994,,,,,,,,
Rage Against the Machine/Renegades/03 Rage Against the Machine - Kick Out the Jams.wav,mp3_128,128 CBR,33845324,33052.07422,32.27741623,3070789,2998.817383,2.9285326,0.090730081,90.92699186,,,,,,,,
Rage Against the Machine/Renegades/03 Rage Against the Machine - Kick Out the Jams.wav,mp3_192,192 CBR,33845324,33052.07422,32.27741623,4606162,4498.205078,4.392778397,0.136094487,86.39055132,,,,,,,,
Rage Against the Machine/Renegades/03 Rage Against the Machine - Kick Out the Jams.wav,mp3_320,320 CBR,33845324,33052.07422,32.27741623,7676908,7496.980469,7.321269989,0.226823298,77.31767023,,,,,,,,
Rage Against the Machine/Renegades/03 Rage Against the Machine - Kick Out the Jams.wav,mp3_v0,V0,33845324,33052.07422,32.27741623,6809610,6650.009766,6.494150162,0.201197956,79.88020443,,,,,,,,
Rage Against the Machine/Renegades/03 Rage Against the Machine - Kick Out the Jams.wav,mp3_v2,V2,33845324,33052.07422,32.27741623,4784648,4672.507813,4.562995911,0.141368066,85.86319339,,,,,,,,
Rage Against the Machine/Renegades/03 Rage Against the Machine - Kick Out the Jams.wav,mp3_v5,V5,33845324,33052.07422,32.27741623,2962861,2893.418945,2.825604439,0.087541221,91.24587786,,,,,,,,
Rage Against the Machine/Renegades/04 Rage Against the Machine - Renegades of Funk.wav,mp3_128,128 CBR,48585308,47446.58984,46.33456039,4407840,4304.53125,4.203643799,0.090723722,90.92762775,,,,,,,,
Rage Against the Machine/Renegades/04 Rage Against the Machine - Renegades of Funk.wav,mp3_192,192 CBR,48585308,47446.58984,46.33456039,6611739,6456.776367,6.305445671,0.136085152,86.39148485,,,,,,,,
Rage Against the Machine/Renegades/04 Rage Against the Machine - Renegades of Funk.wav,mp3_320,320 CBR,48585308,47446.58984,46.33456039,11019537,10761.2666,10.50904942,0.22680801,77.31919905,,,,,,,,
Rage Against the Machine/Renegades/04 Rage Against the Machine - Renegades of Funk.wav,mp3_v0,V0,48585308,47446.58984,46.33456039,8623119,8421.014648,8.223647118,0.177484086,82.25159137,,,,,,,,
Rage Against the Machine/Renegades/04 Rage Against the Machine - Renegades of Funk.wav,mp3_v2,V2,48585308,47446.58984,46.33456039,6052279,5910.428711,5.771903038,0.124570148,87.54298522,,,,,,,,
Rage Against the Machine/Renegades/04 Rage Against the Machine - Renegades of Funk.wav,mp3_v5,V5,48585308,47446.58984,46.33456039,4157889,4060.438477,3.96527195,0.085579143,91.44208574,,,,,,,,
Rage Against the Machine/Renegades/05 Rage Against the Machine - Beautiful World.wav,mp3_128,128 CBR,27384380,26742.55859,26.11577988,2484810,2426.572266,2.369699478,0.090738224,90.92617762,,,,,,,,
Rage Against the Machine/Renegades/05 Rage Against the Machine - Beautiful World.wav,mp3_192,192 CBR,27384380,26742.55859,26.11577988,3727194,3639.837891,3.55452919,0.136106569,86.38934312,,,,,,,,
Rage Against the Machine/Renegades/05 Rage Against the Machine - Beautiful World.wav,mp3_320,320 CBR,27384380,26742.55859,26.11577988,6211961,6066.368164,5.92418766,0.226843222,77.31567777,,,,,,,,
Rage Against the Machine/Renegades/05 Rage Against the Machine - Beautiful World.wav,mp3_v0,V0,27384380,26742.55859,26.11577988,4258341,4158.536133,4.061070442,0.155502553,84.44974471,,,,,,,,
Rage Against the Machine/Renegades/05 Rage Against the Machine - Beautiful World.wav,mp3_v2,V2,27384380,26742.55859,26.11577988,3076366,3004.263672,2.933851242,0.112340173,88.76598265,,,,,,,,
Rage Against the Machine/Renegades/05 Rage Against the Machine - Beautiful World.wav,mp3_v5,V5,27384380,26742.55859,26.11577988,1898809,1854.305664,1.810845375,0.069339127,93.06608731,,,,,,,,
Rage Against the Machine/Renegades/06 Rage Against the Machine - I’m Housin’.wav,mp3_128,128 CBR,52372028,51144.55859,49.945858,4751403,4640.041992,4.531291008,0.09072406,90.92759402,,,,,,,,
Rage Against the Machine/Renegades/06 Rage Against the Machine - I’m Housin’.wav,mp3_192,192 CBR,52372028,51144.55859,49.945858,7127083,6960.041992,6.796916008,0.136085679,86.39143208,,,,,,,,
Rage Against the Machine/Renegades/06 Rage Against the Machine - I’m Housin’.wav,mp3_320,320 CBR,52372028,51144.55859,49.945858,11878443,11600.04199,11.32816601,0.226808918,77.31910821,,,,,,,,
Rage Against the Machine/Renegades/06 Rage Against the Machine - I’m Housin’.wav,mp3_v0,V0,52372028,51144.55859,49.945858,9576585,9352.133789,9.132943153,0.182856868,81.71431322,,,,,,,,
Rage Against the Machine/Renegades/06 Rage Against the Machine - I’m Housin’.wav,mp3_v2,V2,52372028,51144.55859,49.945858,6601335,6446.616211,6.295523643,0.126046962,87.39530384,,,,,,,,
Rage Against the Machine/Renegades/06 Rage Against the Machine - I’m Housin’.wav,mp3_v5,V5,52372028,51144.55859,49.945858,4193065,4094.790039,3.998818398,0.080063063,91.99369366,,,,,,,,
Rage Against the Machine/Renegades/07 Rage Against the Machine - In My Eyes.wav,mp3_128,128 CBR,30794780,30073.02734,29.36819077,2794100,2728.613281,2.664661407,0.09073291,90.92670901,,,,,,,,
Rage Against the Machine/Renegades/07 Rage Against the Machine - In My Eyes.wav,mp3_192,192 CBR,30794780,30073.02734,29.36819077,4191128,4092.898438,3.99697113,0.13609865,86.39013495,,,,,,,,
Rage Against the Machine/Renegades/07 Rage Against the Machine - In My Eyes.wav,mp3_320,320 CBR,30794780,30073.02734,29.36819077,6985186,6821.470703,6.661592484,0.226830197,77.31698035,,,,,,,,
Rage Against the Machine/Renegades/07 Rage Against the Machine - In My Eyes.wav,mp3_v0,V0,30794780,30073.02734,29.36819077,6124010,5980.478516,5.84031105,0.198865197,80.11348027,,,,,,,,
Rage Against the Machine/Renegades/07 Rage Against the Machine - In My Eyes.wav,mp3_v2,V2,30794780,30073.02734,29.36819077,4186029,4087.918945,3.992108345,0.13593307,86.40669295,,,,,,,,
Rage Against the Machine/Renegades/07 Rage Against the Machine - In My Eyes.wav,mp3_v5,V5,30794780,30073.02734,29.36819077,2778188,2713.074219,2.649486542,0.090216199,90.9783801,,,,,,,,
Rage Against the Machine/Renegades/08 Rage Against the Machine - How I Could Just Kill a Man.wav,mp3_128,128 CBR,43163948,42152.29297,41.1643486,3916320,3824.53125,3.734893799,0.090731274,90.92687258,,,,,,,,
Rage Against the Machine/Renegades/08 Rage Against the Machine - How I Could Just Kill a Man.wav,mp3_192,192 CBR,43163948,42152.29297,41.1643486,5874459,5736.776367,5.602320671,0.136096425,86.39035753,,,,,,,,
Rage Against the Machine/Renegades/08 Rage Against the Machine - How I Could Just Kill a Man.wav,mp3_320,320 CBR,43163948,42152.29297,41.1643486,9790737,9561.266602,9.337174416,0.226826726,77.31732741,,,,,,,,
Rage Against the Machine/Renegades/08 Rage Against the Machine - How I Could Just Kill a Man.wav,mp3_v0,V0,43163948,42152.29297,41.1643486,7623191,7444.522461,7.270041466,0.176610142,82.33898577,,,,,,,,
Rage Against the Machine/Renegades/08 Rage Against the Machine - How I Could Just Kill a Man.wav,mp3_v2,V2,43163948,42152.29297,41.1643486,5132347,5012.057617,4.894587517,0.118903558,88.10964419,,,,,,,,
Rage Against the Machine/Renegades/08 Rage Against the Machine - How I Could Just Kill a Man.wav,mp3_v5,V5,43163948,42152.29297,41.1643486,3500920,3418.867188,3.338737488,0.081107502,91.8892498,,,,,,,,
Rage Against the Machine/Renegades/09 Rage Against the Machine - The Ghost of Tom Joad.wav,mp3_128,128 CBR,59740844,58340.66797,56.97330856,5419719,5292.694336,5.168646812,0.090720496,90.9279504,,,,,,,,
Rage Against the Machine/Renegades/09 Rage Against the Machine - The Ghost of Tom Joad.wav,mp3_192,192 CBR,59740844,58340.66797,56.97330856,8129558,7939.021484,7.752950668,0.136080401,86.39195991,,,,,,,,
Rage Against the Machine/Renegades/09 Rage Against the Machine - The Ghost of Tom Joad.wav,mp3_320,320 CBR,59740844,58340.66797,56.97330856,13549235,13231.6748,12.92155743,0.226800194,77.31998061,,,,,,,,
Rage Against the Machine/Renegades/09 Rage Against the Machine - The Ghost of Tom Joad.wav,mp3_v0,V0,59740844,58340.66797,56.97330856,11716961,11442.34473,11.17416477,0.19612982,80.38701797,,,,,,,,
Rage Against the Machine/Renegades/09 Rage Against the Machine - The Ghost of Tom Joad.wav,mp3_v2,V2,59740844,58340.66797,56.97330856,8381568,8185.125,7.993286133,0.140298788,85.97012121,,,,,,,,
Rage Against the Machine/Renegades/09 Rage Against the Machine - The Ghost of Tom Joad.wav,mp3_v5,V5,59740844,58340.66797,56.97330856,5470676,5342.457031,5.217243195,0.091573464,90.84265365,,,,,,,,
Rage Against the Machine/Renegades/10 Rage Against the Machine - Down on the Street.wav,mp3_128,128 CBR,38638700,37733.10547,36.84873581,3505884,3423.714844,3.343471527,0.09073504,90.92649597,,,,,,,,
Rage Against the Machine/Renegades/10 Rage Against the Machine - Down on the Street.wav,mp3_192,192 CBR,38638700,37733.10547,36.84873581,5258805,5135.551758,5.015187263,0.136102017,86.38979831,,,,,,,,
Rage Against the Machine/Renegades/10 Rage Against the Machine - Down on the Street.wav,mp3_320,320 CBR,38638700,37733.10547,36.84873581,8764647,8559.225586,8.358618736,0.22683597,77.31640298,,,,,,,,
Rage Against the Machine/Renegades/10 Rage Against the Machine - Down on the Street.wav,mp3_v0,V0,38638700,37733.10547,36.84873581,7360154,7187.650391,7.019189835,0.190486585,80.95134153,,,,,,,,
Rage Against the Machine/Renegades/10 Rage Against the Machine - Down on the Street.wav,mp3_v2,V2,38638700,37733.10547,36.84873581,5044986,4926.744141,4.811273575,0.130568213,86.94317873,,,,,,,,
Rage Against the Machine/Renegades/10 Rage Against the Machine - Down on the Street.wav,mp3_v5,V5,38638700,37733.10547,36.84873581,3361695,3282.905273,3.205962181,0.087003315,91.29966847,,,,,,,,
Rage Against the Machine/Renegades/11 Rage Against the Machine - Street Fighting Man.wav,mp3_128,128 CBR,49808348,48640.96484,47.50094223,4519017,4413.102539,4.309670448,0.090728104,90.92718955,,,,,,,,
Rage Against the Machine/Renegades/11 Rage Against the Machine - Street Fighting Man.wav,mp3_192,192 CBR,49808348,48640.96484,47.50094223,6778505,6619.633789,6.464486122,0.136091745,86.39082549,,,,,,,,
Rage Against the Machine/Renegades/11 Rage Against the Machine - Street Fighting Man.wav,mp3_320,320 CBR,49808348,48640.96484,47.50094223,11297479,11032.69434,10.77411556,0.226818986,77.31810138,,,,,,,,
Rage Against the Machine/Renegades/11 Rage Against the Machine - Street Fighting Man.wav,mp3_v0,V0,49808348,48640.96484,47.50094223,9390396,9170.308594,8.955379486,0.188530565,81.14694348,,,,,,,,
Rage Against the Machine/Renegades/11 Rage Against the Machine - Street Fighting Man.wav,mp3_v2,V2,49808348,48640.96484,47.50094223,6580634,6426.400391,6.275781631,0.132119098,86.78809022,,,,,,,,
Rage Against the Machine/Renegades/11 Rage Against the Machine - Street Fighting Man.wav,mp3_v5,V5,49808348,48640.96484,47.50094223,4453687,4349.303711,4.247366905,0.089416477,91.05835231,,,,,,,,
Rage Against the Machine/Renegades/12 Rage Against the Machine - Maggie’s Farm.wav,mp3_128,128 CBR,69572204,67941.60547,66.34922409,6311644,6163.714844,6.019252777,0.090720771,90.92792288,,,,,,,,
Rage Against the Machine/Renegades/12 Rage Against the Machine - Maggie’s Farm.wav,mp3_192,192 CBR,69572204,67941.60547,66.34922409,9467445,9245.551758,9.028859138,0.136080855,86.39191451,,,,,,,,
Rage Against the Machine/Renegades/12 Rage Against the Machine - Maggie’s Farm.wav,mp3_320,320 CBR,69572204,67941.60547,66.34922409,15779047,15409.22559,15.04807186,0.226801022,77.31989776,,,,,,,,
Rage Against the Machine/Renegades/12 Rage Against the Machine - Maggie’s Farm.wav,mp3_v0,V0,69572204,67941.60547,66.34922409,12915392,12612.6875,12.31707764,0.185640116,81.43598843,,,,,,,,
Rage Against the Machine/Renegades/12 Rage Against the Machine - Maggie’s Farm.wav,mp3_v2,V2,69572204,67941.60547,66.34922409,8969159,8758.944336,8.553656578,0.128918713,87.1081287,,,,,,,,
Rage Against the Machine/Renegades/12 Rage Against the Machine - Maggie’s Farm.wav,mp3_v5,V5,69572204,67941.60547,66.34922409,5919782,5781.037109,5.645544052,0.085088321,91.49116794,,,,,,,,
SOAD/System of a Down/01 System of a Down - Suite‐Pee.wav,mp3_128,128 CBR,26765804,26138.48047,25.52585983,2428803,2371.87793,2.316287041,0.090742763,90.92572373,,,,,,,,
SOAD/System of a Down/01 System of a Down - Suite‐Pee.wav,mp3_192,192 CBR,26765804,26138.48047,25.52585983,3643184,3557.796875,3.474411011,0.136113378,86.38866219,,,,,,,,
SOAD/System of a Down/01 System of a Down - Suite‐Pee.wav,mp3_320,320 CBR,26765804,26138.48047,25.52585983,6071945,5929.633789,5.790657997,0.226854572,77.31454284,,,,,,,,
SOAD/System of a Down/01 System of a Down - Suite‐Pee.wav,mp3_v0,V0,26765804,26138.48047,25.52585983,5253443,5130.31543,5.010073662,0.196274433,80.37255671,,,,,,,,
SOAD/System of a Down/01 System of a Down - Suite‐Pee.wav,mp3_v2,V2,26765804,26138.48047,25.52585983,3797843,3708.831055,3.621905327,0.141891609,85.81083908,,,,,,,,
SOAD/System of a Down/01 System of a Down - Suite‐Pee.wav,mp3_v5,V5,26765804,26138.48047,25.52585983,2501731,2443.09668,2.385836601,0.093467433,90.65325667,,,,,,,,
SOAD/System of a Down/02 System of a Down - Know.wav,mp3_128,128 CBR,31168748,30438.23047,29.72483444,2828372,2762.082031,2.697345734,0.090743844,90.92561562,,,,,,,,
SOAD/System of a Down/02 System of a Down - Know.wav,mp3_192,192 CBR,31168748,30438.23047,29.72483444,4242537,4143.102539,4.045998573,0.136115092,86.3884908,,,,,,,,
SOAD/System of a Down/02 System of a Down - Know.wav,mp3_320,320 CBR,31168748,30438.23047,29.72483444,7070867,6905.143555,6.743304253,0.226857588,77.31424118,,,,,,,,
SOAD/System of a Down/02 System of a Down - Know.wav,mp3_v0,V0,31168748,30438.23047,29.72483444,6124154,5980.619141,5.84044838,0.196483798,80.35162015,,,,,,,,
SOAD/System of a Down/02 System of a Down - Know.wav,mp3_v2,V2,31168748,30438.23047,29.72483444,4117319,4020.819336,3.926581383,0.13209767,86.79023296,,,,,,,,
SOAD/System of a Down/02 System of a Down - Know.wav,mp3_v5,V5,31168748,30438.23047,29.72483444,2733215,2669.155273,2.606596947,0.087690882,91.23091181,,,,,,,,
SOAD/System of a Down/03 System of a Down - Sugar.wav,mp3_128,128 CBR,27130364,26494.49609,25.87353134,2461822,2404.123047,2.347776413,0.090740471,90.92595293,,,,,,,,
SOAD/System of a Down/03 System of a Down - Sugar.wav,mp3_192,192 CBR,27130364,26494.49609,25.87353134,3692712,3606.164063,3.521644592,0.136109932,86.3890068,,,,,,,,
SOAD/System of a Down/03 System of a Down - Sugar.wav,mp3_320,320 CBR,27130364,26494.49609,25.87353134,6154492,6010.246094,5.869380951,0.226848855,77.31511453,,,,,,,,
SOAD/System of a Down/03 System of a Down - Sugar.wav,mp3_v0,V0,27130364,26494.49609,25.87353134,5346230,5220.927734,5.098562241,0.197057069,80.29429314,,,,,,,,
SOAD/System of a Down/03 System of a Down - Sugar.wav,mp3_v2,V2,27130364,26494.49609,25.87353134,3678480,3592.265625,3.508071899,0.135585354,86.44146463,,,,,,,,
SOAD/System of a Down/03 System of a Down - Sugar.wav,mp3_v5,V5,27130364,26494.49609,25.87353134,2411861,2355.333008,2.30012989,0.088898955,91.11010453,,,,,,,,
SOAD/System of a Down/04 System of a Down - Suggestions.wav,mp3_128,128 CBR,29035484,28354.96484,27.69039536,2634857,2573.102539,2.512795448,0.090746102,90.92538977,,,,,,,,
SOAD/System of a Down/04 System of a Down - Suggestions.wav,mp3_192,192 CBR,29035484,28354.96484,27.69039536,3952265,3859.633789,3.769173622,0.136118447,86.38815527,,,,,,,,
SOAD/System of a Down/04 System of a Down - Suggestions.wav,mp3_320,320 CBR,29035484,28354.96484,27.69039536,6587079,6432.694336,6.281928062,0.226863069,77.31369313,,,,,,,,
SOAD/System of a Down/04 System of a Down - Suggestions.wav,mp3_v0,V0,29035484,28354.96484,27.69039536,5728034,5593.783203,5.462678909,0.197277028,80.27229717,,,,,,,,
SOAD/System of a Down/04 System of a Down - Suggestions.wav,mp3_v2,V2,29035484,28354.96484,27.69039536,4077468,3981.902344,3.888576508,0.140430516,85.9569484,,,,,,,,
SOAD/System of a Down/04 System of a Down - Suggestions.wav,mp3_v5,V5,29035484,28354.96484,27.69039536,2677310,2614.560547,2.553281784,0.09220821,90.77917902,,,,,,,,
SOAD/System of a Down/05 System of a Down - Spiders.wav,mp3_128,128 CBR,38003660,37112.94922,36.24311447,3448206,3367.388672,3.2884655,0.090733524,90.92664759,,,,,,,,
SOAD/System of a Down/05 System of a Down - Spiders.wav,mp3_192,192 CBR,38003660,37112.94922,36.24311447,5172288,5051.0625,4.932678223,0.136099734,86.39002664,,,,,,,,
SOAD/System of a Down/05 System of a Down - Spiders.wav,mp3_320,320 CBR,38003660,37112.94922,36.24311447,8620451,8418.40918,8.221102715,0.226832126,77.31678738,,,,,,,,
SOAD/System of a Down/05 System of a Down - Spiders.wav,mp3_v0,V0,38003660,37112.94922,36.24311447,7091194,6924.994141,6.76268959,0.186592397,81.34076034,,,,,,,,
SOAD/System of a Down/05 System of a Down - Spiders.wav,mp3_v2,V2,38003660,37112.94922,36.24311447,4996644,4879.535156,4.765171051,0.131477968,86.85220318,,,,,,,,
SOAD/System of a Down/05 System of a Down - Spiders.wav,mp3_v5,V5,38003660,37112.94922,36.24311447,3228008,3152.351563,3.078468323,0.084939398,91.50606021,,,,,,,,
SOAD/System of a Down/06 System of a Down - DDevil.wav,mp3_128,128 CBR,18181004,17754.88672,17.33875656,1650145,1611.469727,1.573700905,0.090762039,90.92379607,,,,,,,,
SOAD/System of a Down/06 System of a Down - DDevil.wav,mp3_192,192 CBR,18181004,17754.88672,17.33875656,2475197,2417.18457,2.360531807,0.136141931,86.38580686,,,,,,,,
SOAD/System of a Down/06 System of a Down - DDevil.wav,mp3_320,320 CBR,18181004,17754.88672,17.33875656,4125300,4028.613281,3.934192657,0.226901661,77.30983393,,,,,,,,
SOAD/System of a Down/06 System of a Down - DDevil.wav,mp3_v0,V0,18181004,17754.88672,17.33875656,3546930,3463.798828,3.382616043,0.195089886,80.49101139,,,,,,,,
SOAD/System of a Down/06 System of a Down - DDevil.wav,mp3_v2,V2,18181004,17754.88672,17.33875656,2491740,2433.339844,2.376308441,0.137051837,86.29481628,,,,,,,,
SOAD/System of a Down/06 System of a Down - DDevil.wav,mp3_v5,V5,18181004,17754.88672,17.33875656,1676845,1637.543945,1.599164009,0.092230605,90.77693949,,,,,,,,
SOAD/System of a Down/07 System of a Down - Soil.wav,mp3_128,128 CBR,36303164,35452.30859,34.62139511,3293979,3216.776367,3.141383171,0.090735314,90.92646856,,,,,,,,
SOAD/System of a Down/07 System of a Down - Soil.wav,mp3_192,192 CBR,36303164,35452.30859,34.62139511,4940947,4825.143555,4.712054253,0.136102379,86.38976206,,,,,,,,
SOAD/System of a Down/07 System of a Down - Soil.wav,mp3_320,320 CBR,36303164,35452.30859,34.62139511,8234884,8041.878906,7.853397369,0.226836537,77.31634631,,,,,,,,
SOAD/System of a Down/07 System of a Down - Soil.wav,mp3_v0,V0,36303164,35452.30859,34.62139511,7093837,6927.575195,6.765210152,0.195405475,80.45945251,,,,,,,,
SOAD/System of a Down/07 System of a Down - Soil.wav,mp3_v2,V2,36303164,35452.30859,34.62139511,5057530,4938.994141,4.823236465,0.139313752,86.06862476,,,,,,,,
SOAD/System of a Down/07 System of a Down - Soil.wav,mp3_v5,V5,36303164,35452.30859,34.62139511,3378953,3299.758789,3.222420692,0.093075992,90.69240081,,,,,,,,
SOAD/System of a Down/08 System of a Down - War?.wav,mp3_128,128 CBR,28311068,27647.52734,26.99953842,2568820,2508.613281,2.449817657,0.090735538,90.92644615,,,,,,,,
SOAD/System of a Down/08 System of a Down - War?.wav,mp3_192,192 CBR,28311068,27647.52734,26.99953842,3853208,3762.898438,3.674705505,0.136102531,86.38974694,,,,,,,,
SOAD/System of a Down/08 System of a Down - War?.wav,mp3_320,320 CBR,28311068,27647.52734,26.99953842,6421986,6271.470703,6.124483109,0.226836586,77.31634144,,,,,,,,
SOAD/System of a Down/08 System of a Down - War?.wav,mp3_v0,V0,28311068,27647.52734,26.99953842,5486391,5357.803711,5.232230186,0.193789616,80.62103839,,,,,,,,
SOAD/System of a Down/08 System of a Down - War?.wav,mp3_v2,V2,28311068,27647.52734,26.99953842,3786822,3698.068359,3.611394882,0.133757653,86.62423473,,,,,,,,
SOAD/System of a Down/08 System of a Down - War?.wav,mp3_v5,V5,28311068,27647.52734,26.99953842,2512080,2453.203125,2.395706177,0.088731375,91.12686247,,,,,,,,
SOAD/System of a Down/09 System of a Down - Mind.wav,mp3_128,128 CBR,66345260,64790.29297,63.27177048,6018655,5877.592773,5.739836693,0.090717182,90.92828184,,,,,,,,
SOAD/System of a Down/09 System of a Down - Mind.wav,mp3_192,192 CBR,66345260,64790.29297,63.27177048,9027961,8816.368164,8.609734535,0.136075448,86.39245517,,,,,,,,
SOAD/System of a Down/09 System of a Down - Mind.wav,mp3_320,320 CBR,66345260,64790.29297,63.27177048,15046573,14693.91895,14.34953022,0.226791982,77.32080182,,,,,,,,
SOAD/System of a Down/09 System of a Down - Mind.wav,mp3_v0,V0,66345260,64790.29297,63.27177048,12392401,12101.9541,11.81831455,0.186786532,81.32134685,,,,,,,,
SOAD/System of a Down/09 System of a Down - Mind.wav,mp3_v2,V2,66345260,64790.29297,63.27177048,8679037,8475.62207,8.276974678,0.130816233,86.91837669,,,,,,,,
SOAD/System of a Down/09 System of a Down - Mind.wav,mp3_v5,V5,66345260,64790.29297,63.27177048,5515137,5385.875977,5.259644508,0.083127823,91.68721775,,,,,,,,
SOAD/System of a Down/10 System of a Down - Peephole.wav,mp3_128,128 CBR,43058108,42048.93359,41.06341171,3906707,3815.143555,3.725726128,0.090731042,90.92689581,,,,,,,,
SOAD/System of a Down/10 System of a Down - Peephole.wav,mp3_192,192 CBR,43058108,42048.93359,41.06341171,5860039,5722.694336,5.588568687,0.136096063,86.39039365,,,,,,,,
SOAD/System of a Down/10 System of a Down - Peephole.wav,mp3_320,320 CBR,43058108,42048.93359,41.06341171,9766704,9537.796875,9.314254761,0.22682613,77.31738701,,,,,,,,
SOAD/System of a Down/10 System of a Down - Peephole.wav,mp3_v0,V0,43058108,42048.93359,41.06341171,8257273,8063.743164,7.874749184,0.191770456,80.82295441,,,,,,,,
SOAD/System of a Down/10 System of a Down - Peephole.wav,mp3_v2,V2,43058108,42048.93359,41.06341171,5877684,5739.925781,5.605396271,0.136505859,86.34941415,,,,,,,,
SOAD/System of a Down/10 System of a Down - Peephole.wav,mp3_v5,V5,43058108,42048.93359,41.06341171,3827750,3738.037109,3.650426865,0.088897311,91.11026894,,,,,,,,
SOAD/System of a Down/11 System of a Down - CUBErt.wav,mp3_128,128 CBR,19251164,18799.96484,18.35934067,1747112,1706.164063,1.666175842,0.090753577,90.92464227,,,,,,,,
SOAD/System of a Down/11 System of a Down - CUBErt.wav,mp3_192,192 CBR,19251164,18799.96484,18.35934067,2620647,2559.225586,2.499243736,0.136129275,86.38707249,,,,,,,,
SOAD/System of a Down/11 System of a Down - CUBErt.wav,mp3_320,320 CBR,19251164,18799.96484,18.35934067,4367716,4265.347656,4.165378571,0.226880619,77.31193812,,,,,,,,
SOAD/System of a Down/11 System of a Down - CUBErt.wav,mp3_v0,V0,19251164,18799.96484,18.35934067,3901009,3809.579102,3.720292091,0.202637565,79.73624348,,,,,,,,
SOAD/System of a Down/11 System of a Down - CUBErt.wav,mp3_v2,V2,19251164,18799.96484,18.35934067,2684738,2621.814453,2.560365677,0.139458476,86.05415236,,,,,,,,
SOAD/System of a Down/11 System of a Down - CUBErt.wav,mp3_v5,V5,19251164,18799.96484,18.35934067,1827189,1784.364258,1.742543221,0.09491317,90.50868301,,,,,,,,
SOAD/System of a Down/12 System of a Down - Darts.wav,mp3_128,128 CBR,28682684,28010.43359,27.35393906,2602674,2541.673828,2.482103348,0.090740253,90.92597471,,,,,,,,
SOAD/System of a Down/12 System of a Down - Darts.wav,mp3_192,192 CBR,28682684,28010.43359,27.35393906,3903990,3812.490234,3.723134995,0.136109647,86.38903528,,,,,,,,
SOAD/System of a Down/12 System of a Down - Darts.wav,mp3_320,320 CBR,28682684,28010.43359,27.35393906,6506622,6354.123047,6.205198288,0.226848436,77.31515642,,,,,,,,
SOAD/System of a Down/12 System of a Down - Darts.wav,mp3_v0,V0,28682684,28010.43359,27.35393906,5352413,5226.96582,5.104458809,0.186607815,81.33921846,,,,,,,,
SOAD/System of a Down/12 System of a Down - Darts.wav,mp3_v2,V2,28682684,28010.43359,27.35393906,3942835,3850.424805,3.760180473,0.137463949,86.25360514,,,,,,,,
SOAD/System of a Down/12 System of a Down - Darts.wav,mp3_v5,V5,28682684,28010.43359,27.35393906,2620977,2559.547852,2.499558449,0.091378373,90.86216269,,,,,,,,
SOAD/System of a Down/13 System of a Down - P.L.U.C.K..wav,mp3_128,128 CBR,38302364,37404.65234,36.5279808,3475373,3393.918945,3.31437397,0.090735209,90.92647911,,,,,,,,
SOAD/System of a Down/13 System of a Down - P.L.U.C.K..wav,mp3_192,192 CBR,38302364,37404.65234,36.5279808,5213039,5090.858398,4.971541405,0.136102278,86.38977218,,,,,,,,
SOAD/System of a Down/13 System of a Down - P.L.U.C.K..wav,mp3_320,320 CBR,38302364,37404.65234,36.5279808,8688369,8484.735352,8.285874367,0.226836364,77.31636355,,,,,,,,
SOAD/System of a Down/13 System of a Down - P.L.U.C.K..wav,mp3_v0,V0,38302364,37404.65234,36.5279808,7078763,6912.854492,6.750834465,0.184812692,81.5187308,,,,,,,,
SOAD/System of a Down/13 System of a Down - P.L.U.C.K..wav,mp3_v2,V2,38302364,37404.65234,36.5279808,4886980,4772.441406,4.660587311,0.127589514,87.24104862,,,,,,,,
SOAD/System of a Down/13 System of a Down - P.L.U.C.K..wav,mp3_v5,V5,38302364,37404.65234,36.5279808,3275487,3198.717773,3.123747826,0.085516575,91.44834246,,,,,,,,
SOAD/Toxicity/01 System Of A Down - Prison Song.wav,mp3_128,128 CBR,35484668,34652.99609,33.8408165,3219582,3144.123047,3.070432663,0.090731637,90.92683635,,,,,,,,
SOAD/Toxicity/01 System Of A Down - Prison Song.wav,mp3_192,192 CBR,35484668,34652.99609,33.8408165,4829352,4716.164063,4.605628967,0.136096863,86.3903137,,,,,,,,
SOAD/Toxicity/01 System Of A Down - Prison Song.wav,mp3_320,320 CBR,35484668,34652.99609,33.8408165,8048892,7860.246094,7.676021576,0.226827316,77.3172684,,,,,,,,
SOAD/Toxicity/01 System Of A Down - Prison Song.wav,mp3_v0,V0,35484668,34652.99609,33.8408165,6814290,6654.580078,6.498613358,0.192034768,80.79652316,,,,,,,,
SOAD/Toxicity/01 System Of A Down - Prison Song.wav,mp3_v2,V2,35484668,34652.99609,33.8408165,4899350,4784.521484,4.672384262,0.13806949,86.19305104,,,,,,,,
SOAD/Toxicity/01 System Of A Down - Prison Song.wav,mp3_v5,V5,35484668,34652.99609,33.8408165,3246361,3170.274414,3.095971107,0.091486301,90.85136995,,,,,,,,
SOAD/Toxicity/02 System Of A Down - Needles.wav,mp3_128,128 CBR,34181660,33380.52734,32.59817123,3101300,3028.613281,2.957630157,0.090729941,90.92700589,,,,,,,,
SOAD/Toxicity/02 System Of A Down - Needles.wav,mp3_192,192 CBR,34181660,33380.52734,32.59817123,4651928,4542.898438,4.436424255,0.136094268,86.39057319,,,,,,,,
SOAD/Toxicity/02 System Of A Down - Needles.wav,mp3_320,320 CBR,34181660,33380.52734,32.59817123,7753186,7571.470703,7.394014359,0.226822981,77.31770195,,,,,,,,
SOAD/Toxicity/02 System Of A Down - Needles.wav,mp3_v0,V0,34181660,33380.52734,32.59817123,6603245,6448.481445,6.297345161,0.193180934,80.68190661,,,,,,,,
SOAD/Toxicity/02 System Of A Down - Needles.wav,mp3_v2,V2,34181660,33380.52734,32.59817123,4639878,4531.130859,4.42493248,0.13574174,86.42582601,,,,,,,,
SOAD/Toxicity/02 System Of A Down - Needles.wav,mp3_v5,V5,34181660,33380.52734,32.59817123,3027520,2956.5625,2.887268066,0.088571474,91.14285263,,,,,,,,
SOAD/Toxicity/03 System Of A Down - Deer Dance.wav,mp3_128,128 CBR,30881804,30158.01172,29.45118332,2802041,2736.368164,2.672234535,0.090734369,90.9265631,,,,,,,,
SOAD/Toxicity/03 System Of A Down - Deer Dance.wav,mp3_192,192 CBR,30881804,30158.01172,29.45118332,4203040,4104.53125,4.008331299,0.136100857,86.38991427,,,,,,,,
SOAD/Toxicity/03 System Of A Down - Deer Dance.wav,mp3_320,320 CBR,30881804,30158.01172,29.45118332,7005039,6840.858398,6.68052578,0.226833866,77.31661337,,,,,,,,
SOAD/Toxicity/03 System Of A Down - Deer Dance.wav,mp3_v0,V0,30881804,30158.01172,29.45118332,5927126,5788.208984,5.652547836,0.191929396,80.80706036,,,,,,,,
SOAD/Toxicity/03 System Of A Down - Deer Dance.wav,mp3_v2,V2,30881804,30158.01172,29.45118332,4320585,4219.321289,4.120430946,0.139907144,86.0092856,,,,,,,,
SOAD/Toxicity/03 System Of A Down - Deer Dance.wav,mp3_v5,V5,30881804,30158.01172,29.45118332,2905610,2837.509766,2.77100563,0.094088091,90.59119085,,,,,,,,
SOAD/Toxicity/04 System Of A Down - Jet Pilot.wav,mp3_128,128 CBR,22308764,21785.90234,21.27529526,2024637,1977.18457,1.930844307,0.09075523,90.92447704,,,,,,,,
SOAD/Toxicity/04 System Of A Down - Jet Pilot.wav,mp3_192,192 CBR,22308764,21785.90234,21.27529526,3036934,2965.755859,2.896245956,0.136131881,86.38681193,,,,,,,,
SOAD/Toxicity/04 System Of A Down - Jet Pilot.wav,mp3_320,320 CBR,22308764,21785.90234,21.27529526,5061528,4942.898438,4.827049255,0.226885183,77.31148171,,,,,,,,
SOAD/Toxicity/04 System Of A Down - Jet Pilot.wav,mp3_v0,V0,22308764,21785.90234,21.27529526,4219138,4120.251953,4.023683548,0.189124687,81.08753134,,,,,,,,
SOAD/Toxicity/04 System Of A Down - Jet Pilot.wav,mp3_v2,V2,22308764,21785.90234,21.27529526,3009058,2938.533203,2.869661331,0.134882327,86.5117673,,,,,,,,
SOAD/Toxicity/04 System Of A Down - Jet Pilot.wav,mp3_v5,V5,22308764,21785.90234,21.27529526,2025950,1978.466797,1.932096481,0.090814085,90.91859146,,,,,,,,
SOAD/Toxicity/05 System Of A Down - X.wav,mp3_128,128 CBR,20914028,20423.85547,19.94517136,1897995,1853.510742,1.810069084,0.090752245,90.92477547,,,,,,,,
SOAD/Toxicity/05 System Of A Down - X.wav,mp3_192,192 CBR,20914028,20423.85547,19.94517136,2846972,2780.246094,2.715084076,0.136127388,86.38726122,,,,,,,,
SOAD/Toxicity/05 System Of A Down - X.wav,mp3_320,320 CBR,20914028,20423.85547,19.94517136,4744924,4633.714844,4.525112152,0.226877577,77.31224229,,,,,,,,
SOAD/Toxicity/05 System Of A Down - X.wav,mp3_v0,V0,20914028,20423.85547,19.94517136,3956834,3864.095703,3.77353096,0.189195214,81.08047861,,,,,,,,
SOAD/Toxicity/05 System Of A Down - X.wav,mp3_v2,V2,20914028,20423.85547,19.94517136,2845439,2778.749023,2.713622093,0.136054088,86.39459123,,,,,,,,
SOAD/Toxicity/05 System Of A Down - X.wav,mp3_v5,V5,20914028,20423.85547,19.94517136,1942284,1896.761719,1.852306366,0.092869915,90.71300851,,,,,,,,
SOAD/Toxicity/06 System Of A Down - Chop Suey!.wav,mp3_128,128 CBR,37086380,36217.16797,35.36832809,3365032,3286.164063,3.209144592,0.090734981,90.92650186,,,,,,,,
SOAD/Toxicity/06 System Of A Down - Chop Suey!.wav,mp3_192,192 CBR,37086380,36217.16797,35.36832809,5047527,4929.225586,4.813696861,0.136101906,86.38980941,,,,,,,,
SOAD/Toxicity/06 System Of A Down - Chop Suey!.wav,mp3_320,320 CBR,37086380,36217.16797,35.36832809,8412516,8215.347656,8.022800446,0.226835728,77.31642722,,,,,,,,
SOAD/Toxicity/06 System Of A Down - Chop Suey!.wav,mp3_v0,V0,37086380,36217.16797,35.36832809,7244866,7075.064453,6.90924263,0.195351124,80.46488765,,,,,,,,
SOAD/Toxicity/06 System Of A Down - Chop Suey!.wav,mp3_v2,V2,37086380,36217.16797,35.36832809,5206885,5084.848633,4.965672493,0.140398847,85.96011528,,,,,,,,
SOAD/Toxicity/06 System Of A Down - Chop Suey!.wav,mp3_v5,V5,37086380,36217.16797,35.36832809,3414385,3334.360352,3.256211281,0.092065739,90.79342605,,,,,,,,
SOAD/Toxicity/07 System Of A Down - Bounce.wav,mp3_128,128 CBR,20149628,19677.37109,19.21618271,1828614,1785.755859,1.743902206,0.09075175,90.92482501,,,,,,,,
SOAD/Toxicity/07 System Of A Down - Bounce.wav,mp3_192,192 CBR,20149628,19677.37109,19.21618271,2742900,2678.613281,2.615833282,0.136126583,86.38734174,,,,,,,,
SOAD/Toxicity/07 System Of A Down - Bounce.wav,mp3_320,320 CBR,20149628,19677.37109,19.21618271,4571471,4464.327148,4.359694481,0.226876198,77.31238016,,,,,,,,
SOAD/Toxicity/07 System Of A Down - Bounce.wav,mp3_v0,V0,20149628,19677.37109,19.21618271,3902494,3811.029297,3.721708298,0.193675734,80.63242656,,,,,,,,
SOAD/Toxicity/07 System Of A Down - Bounce.wav,mp3_v2,V2,20149628,19677.37109,19.21618271,2715473,2651.829102,2.589676857,0.134765416,86.5234584,,,,,,,,
SOAD/Toxicity/07 System Of A Down - Bounce.wav,mp3_v5,V5,20149628,19677.37109,19.21618271,1809168,1766.765625,1.725357056,0.08978667,91.021333,,,,,,,,
SOAD/Toxicity/08 System Of A Down - Forest.wav,mp3_128,128 CBR,42354860,41362.16797,40.39274216,3842759,3752.694336,3.664740562,0.090727699,90.92723007,,,,,,,,
SOAD/Toxicity/08 System Of A Down - Forest.wav,mp3_192,192 CBR,42354860,41362.16797,40.39274216,5764118,5629.021484,5.497091293,0.136091065,86.39089351,,,,,,,,
SOAD/Toxicity/08 System Of A Down - Forest.wav,mp3_320,320 CBR,42354860,41362.16797,40.39274216,9606835,9381.674805,9.161791801,0.226817773,77.31822275,,,,,,,,
SOAD/Toxicity/08 System Of A Down - Forest.wav,mp3_v0,V0,42354860,41362.16797,40.39274216,7945185,7758.969727,7.577118874,0.187586147,81.24138529,,,,,,,,
SOAD/Toxicity/08 System Of A Down - Forest.wav,mp3_v2,V2,42354860,41362.16797,40.39274216,5721917,5587.80957,5.456845284,0.135094698,86.49053025,,,,,,,,
SOAD/Toxicity/08 System Of A Down - Forest.wav,mp3_v5,V5,42354860,41362.16797,40.39274216,3760411,3672.276367,3.58620739,0.08878346,91.12165404,,,,,,,,
SOAD/Toxicity/09 System Of A Down - Atwa.wav,mp3_128,128 CBR,31081724,30353.24609,29.64184189,2820431,2754.327148,2.689772606,0.090742425,90.92575753,,,,,,,,
SOAD/Toxicity/09 System Of A Down - Atwa.wav,mp3_192,192 CBR,31081724,30353.24609,29.64184189,4230625,4131.469727,4.034638405,0.136112945,86.38870547,,,,,,,,
SOAD/Toxicity/09 System Of A Down - Atwa.wav,mp3_320,320 CBR,31081724,30353.24609,29.64184189,7051014,6885.755859,6.724370956,0.226854019,77.31459812,,,,,,,,
SOAD/Toxicity/09 System Of A Down - Atwa.wav,mp3_v0,V0,31081724,30353.24609,29.64184189,5797798,5661.912109,5.529211044,0.18653399,81.34660098,,,,,,,,
SOAD/Toxicity/09 System Of A Down - Atwa.wav,mp3_v2,V2,31081724,30353.24609,29.64184189,4154383,4057.014648,3.961928368,0.133659993,86.63400074,,,,,,,,
SOAD/Toxicity/09 System Of A Down - Atwa.wav,mp3_v5,V5,31081724,30353.24609,29.64184189,2793503,2728.030273,2.664092064,0.089876064,91.01239365,,,,,,,,
SOAD/Toxicity/10 System Of A Down - Science.wav,mp3_128,128 CBR,28765004,28090.82422,27.43244553,2610198,2549.021484,2.489278793,0.090742139,90.92578607,,,,,,,,
SOAD/Toxicity/10 System Of A Down - Science.wav,mp3_192,192 CBR,28765004,28090.82422,27.43244553,3915275,3823.510742,3.733897209,0.136112444,86.38875559,,,,,,,,
SOAD/Toxicity/10 System Of A Down - Science.wav,mp3_320,320 CBR,28765004,28090.82422,27.43244553,6525430,6372.490234,6.223134995,0.226853089,77.31469114,,,,,,,,
SOAD/Toxicity/10 System Of A Down - Science.wav,mp3_v0,V0,28765004,28090.82422,27.43244553,5404943,5278.264648,5.154555321,0.187899956,81.21000435,,,,,,,,
SOAD/Toxicity/10 System Of A Down - Science.wav,mp3_v2,V2,28765004,28090.82422,27.43244553,3965527,3872.584961,3.781821251,0.137859428,86.21405719,,,,,,,,
SOAD/Toxicity/10 System Of A Down - Science.wav,mp3_v5,V5,28765004,28090.82422,27.43244553,2662481,2600.079102,2.539139748,0.09255973,90.74402701,,,,,,,,
SOAD/Toxicity/11 System Of A Down - Shimmy.wav,mp3_128,128 CBR,19592204,19133.01172,18.68458176,1778041,1736.368164,1.695672035,0.090752475,90.92475252,,,,,,,,
SOAD/Toxicity/11 System Of A Down - Shimmy.wav,mp3_192,192 CBR,19592204,19133.01172,18.68458176,2667040,2604.53125,2.543487549,0.136127615,86.38723852,,,,,,,,
SOAD/Toxicity/11 System Of A Down - Shimmy.wav,mp3_320,320 CBR,19592204,19133.01172,18.68458176,4445039,4340.858398,4.23911953,0.226877946,77.31220541,,,,,,,,
SOAD/Toxicity/11 System Of A Down - Shimmy.wav,mp3_v0,V0,19592204,19133.01172,18.68458176,3798398,3709.373047,3.622434616,0.19387293,80.61270697,,,,,,,,
SOAD/Toxicity/11 System Of A Down - Shimmy.wav,mp3_v2,V2,19592204,19133.01172,18.68458176,2720511,2656.749023,2.594481468,0.138856813,86.11431874,,,,,,,,
SOAD/Toxicity/11 System Of A Down - Shimmy.wav,mp3_v5,V5,19592204,19133.01172,18.68458176,1801989,1759.754883,1.718510628,0.091974798,90.80252023,,,,,,,,
SOAD/Toxicity/12 System Of A Down - Toxicity.wav,mp3_128,128 CBR,38619884,37714.73047,36.83079147,3504212,3422.082031,3.341876984,0.090735954,90.92640465,,,,,,,,
SOAD/Toxicity/12 System Of A Down - Toxicity.wav,mp3_192,192 CBR,38619884,37714.73047,36.83079147,5256297,5133.102539,5.012795448,0.136103387,86.38966135,,,,,,,,
SOAD/Toxicity/12 System Of A Down - Toxicity.wav,mp3_320,320 CBR,38619884,37714.73047,36.83079147,8760467,8555.143555,8.354632378,0.226838253,77.31617475,,,,,,,,
SOAD/Toxicity/12 System Of A Down - Toxicity.wav,mp3_v0,V0,38619884,37714.73047,36.83079147,7329574,7157.787109,6.990026474,0.189787572,81.02124284,,,,,,,,
SOAD/Toxicity/12 System Of A Down - Toxicity.wav,mp3_v2,V2,38619884,37714.73047,36.83079147,5337343,5212.249023,5.090086937,0.138201943,86.17980572,,,,,,,,
SOAD/Toxicity/12 System Of A Down - Toxicity.wav,mp3_v5,V5,38619884,37714.73047,36.83079147,3636580,3551.347656,3.468112946,0.094163411,90.58365893,,,,,,,,
SOAD/Toxicity/13 System Of A Down - Psycho.wav,mp3_128,128 CBR,39847628,38913.69922,38.00165939,3615390,3530.654297,3.447904587,0.090730369,90.92696308,,,,,,,,
SOAD/Toxicity/13 System Of A Down - Psycho.wav,mp3_192,192 CBR,39847628,38913.69922,38.00165939,5423063,5295.959961,5.171835899,0.136095002,86.39049983,,,,,,,,
SOAD/Toxicity/13 System Of A Down - Psycho.wav,mp3_320,320 CBR,39847628,38913.69922,38.00165939,9038410,8826.572266,8.619699478,0.226824292,77.31757082,,,,,,,,
SOAD/Toxicity/13 System Of A Down - Psycho.wav,mp3_v0,V0,39847628,38913.69922,38.00165939,7565671,7388.350586,7.215186119,0.189865028,81.01349721,,,,,,,,
SOAD/Toxicity/13 System Of A Down - Psycho.wav,mp3_v2,V2,39847628,38913.69922,38.00165939,5421505,5294.438477,5.170350075,0.136055903,86.39440972,,,,,,,,
SOAD/Toxicity/13 System Of A Down - Psycho.wav,mp3_v5,V5,39847628,38913.69922,38.00165939,3607433,3522.883789,3.4403162,0.090530684,90.94693165,,,,,,,,
SOAD/Toxicity/14 System Of A Down - Aerials.wav,mp3_128,128 CBR,65451500,63917.48047,62.41941452,5937571,5798.40918,5.662508965,0.090717111,90.92828889,,,,,,,,
SOAD/Toxicity/14 System Of A Down - Aerials.wav,mp3_192,192 CBR,65451500,63917.48047,62.41941452,8906335,8697.592773,8.493742943,0.136075338,86.39246618,,,,,,,,
SOAD/Toxicity/14 System Of A Down - Aerials.wav,mp3_320,320 CBR,65451500,63917.48047,62.41941452,14843863,14495.95996,14.1562109,0.226791792,77.32082076,,,,,,,,
SOAD/Toxicity/14 System Of A Down - Aerials.wav,mp3_v0,V0,65451500,63917.48047,62.41941452,12444678,12153.00586,11.86816978,0.190135872,80.98641284,,,,,,,,
SOAD/Toxicity/14 System Of A Down - Aerials.wav,mp3_v2,V2,65451500,63917.48047,62.41941452,9059767,8847.428711,8.640067101,0.138419547,86.15804527,,,,,,,,
SOAD/Toxicity/14 System Of A Down - Aerials.wav,mp3_v5,V5,65451500,63917.48047,62.41941452,6040966,5899.380859,5.76111412,0.09229683,90.77031695,,,,,,,,
Slipknot/Volume 3-The Subliminal Verses/01 Slipknot - Prelude 3.0.wav,mp3_128,128 CBR,41858588,40877.52734,39.9194603,3797620,3708.613281,3.621692657,0.090724991,90.92750095,,,,,,,,
Slipknot/Volume 3-The Subliminal Verses/01 Slipknot - Prelude 3.0.wav,mp3_192,192 CBR,41858588,40877.52734,39.9194603,5696408,5562.898438,5.432518005,0.13608696,86.39130398,,,,,,,,
Slipknot/Volume 3-The Subliminal Verses/01 Slipknot - Prelude 3.0.wav,mp3_320,320 CBR,41858588,40877.52734,39.9194603,9493986,9271.470703,9.054170609,0.226810947,77.31890526,,,,,,,,
Slipknot/Volume 3-The Subliminal Verses/01 Slipknot - Prelude 3.0.wav,mp3_v0,V0,41858588,40877.52734,39.9194603,8601890,8400.283203,8.203401566,0.205498809,79.45011905,,,,,,,,
Slipknot/Volume 3-The Subliminal Verses/01 Slipknot - Prelude 3.0.wav,mp3_v2,V2,41858588,40877.52734,39.9194603,5793967,5658.170898,5.525557518,0.138417641,86.15823592,,,,,,,,
Slipknot/Volume 3-The Subliminal Verses/01 Slipknot - Prelude 3.0.wav,mp3_v5,V5,41858588,40877.52734,39.9194603,3950740,3858.144531,3.767719269,0.094383021,90.56169788,,,,,,,,
Slipknot/Volume 3-The Subliminal Verses/02 Slipknot - The Blister Exists.wav,mp3_128,128 CBR,56346908,55026.27734,53.73659897,5112101,4992.286133,4.875279427,0.090725493,90.92745071,,,,,,,,
Slipknot/Volume 3-The Subliminal Verses/02 Slipknot - The Blister Exists.wav,mp3_192,192 CBR,56346908,55026.27734,53.73659897,7668131,7488.40918,7.31289959,0.136087875,86.39121245,,,,,,,,
Slipknot/Volume 3-The Subliminal Verses/02 Slipknot - The Blister Exists.wav,mp3_320,320 CBR,56346908,55026.27734,53.73659897,12780190,12480.6543,12.18813896,0.226812623,77.3187377,,,,,,,,
Slipknot/Volume 3-The Subliminal Verses/02 Slipknot - The Blister Exists.wav,mp3_v0,V0,56346908,55026.27734,53.73659897,11632556,11359.91797,11.09366989,0.20644533,79.35546703,,,,,,,,
Slipknot/Volume 3-The Subliminal Verses/02 Slipknot - The Blister Exists.wav,mp3_v2,V2,56346908,55026.27734,53.73659897,8330329,8135.086914,7.944420815,0.147840038,85.21599624,,,,,,,,
Slipknot/Volume 3-The Subliminal Verses/02 Slipknot - The Blister Exists.wav,mp3_v5,V5,56346908,55026.27734,53.73659897,5809249,5673.094727,5.540131569,0.10309792,89.69020802,,,,,,,,
Slipknot/Volume 3-The Subliminal Verses/03 Slipknot - Three Nil.wav,mp3_128,128 CBR,50859692,49667.66797,48.503582,4614312,4506.164063,4.400550842,0.090726306,90.92736936,,,,,,,,
Slipknot/Volume 3-The Subliminal Verses/03 Slipknot - Three Nil.wav,mp3_192,192 CBR,50859692,49667.66797,48.503582,6921447,6759.225586,6.600806236,0.136089047,86.39109533,,,,,,,,
Slipknot/Volume 3-The Subliminal Verses/03 Slipknot - Three Nil.wav,mp3_320,320 CBR,50859692,49667.66797,48.503582,11535716,11265.34766,11.00131607,0.226814508,77.31854924,,,,,,,,
Slipknot/Volume 3-The Subliminal Verses/03 Slipknot - Three Nil.wav,mp3_v0,V0,50859692,49667.66797,48.503582,10456473,10211.39941,9.97206974,0.205594501,79.4405499,,,,,,,,
Slipknot/Volume 3-The Subliminal Verses/03 Slipknot - Three Nil.wav,mp3_v2,V2,50859692,49667.66797,48.503582,7255503,7085.452148,6.919386864,0.142657234,85.73427657,,,,,,,,
Slipknot/Volume 3-The Subliminal Verses/03 Slipknot - Three Nil.wav,mp3_v5,V5,50859692,49667.66797,48.503582,4781818,4669.744141,4.560297012,0.094019799,90.59802014,,,,,,,,
Slipknot/Volume 3-The Subliminal Verses/04 Slipknot - Duality.wav,mp3_128,128 CBR,44561036,43516.63672,42.49671555,4042962,3948.205078,3.855669022,0.090728636,90.92713643,,,,,,,,
Slipknot/Volume 3-The Subliminal Verses/04 Slipknot - Duality.wav,mp3_192,192 CBR,44561036,43516.63672,42.49671555,6064421,5922.286133,5.783482552,0.13609246,86.39075402,,,,,,,,
Slipknot/Volume 3-The Subliminal Verses/04 Slipknot - Duality.wav,mp3_320,320 CBR,44561036,43516.63672,42.49671555,10107341,9870.450195,9.639111519,0.226820153,77.31798471,,,,,,,,
Slipknot/Volume 3-The Subliminal Verses/04 Slipknot - Duality.wav,mp3_v0,V0,44561036,43516.63672,42.49671555,9077008,8864.265625,8.656509399,0.203698316,79.63016838,,,,,,,,
Slipknot/Volume 3-The Subliminal Verses/04 Slipknot - Duality.wav,mp3_v2,V2,44561036,43516.63672,42.49671555,6349148,6200.339844,6.055019379,0.142482055,85.75179446,,,,,,,,
Slipknot/Volume 3-The Subliminal Verses/04 Slipknot - Duality.wav,mp3_v5,V5,44561036,43516.63672,42.49671555,4283261,4182.87207,4.084836006,0.096121217,90.38787832,,,,,,,,
Slipknot/Volume 3-The Subliminal Verses/05 Slipknot - Opium of the People.wav,mp3_128,128 CBR,33972332,33176.10547,32.3985405,3082492,3010.246094,2.939693451,0.090735367,90.92646333,,,,,,,,
Slipknot/Volume 3-The Subliminal Verses/05 Slipknot - Opium of the People.wav,mp3_192,192 CBR,33972332,33176.10547,32.3985405,4623716,4515.347656,4.409519196,0.136102402,86.38975976,,,,,,,,
Slipknot/Volume 3-The Subliminal Verses/05 Slipknot - Opium of the People.wav,mp3_320,320 CBR,33972332,33176.10547,32.3985405,7706165,7525.551758,7.349171638,0.226836503,77.31634967,,,,,,,,
Slipknot/Volume 3-The Subliminal Verses/05 Slipknot - Opium of the People.wav,mp3_v0,V0,33972332,33176.10547,32.3985405,6873500,6712.402344,6.555080414,0.202326411,79.76735892,,,,,,,,
Slipknot/Volume 3-The Subliminal Verses/05 Slipknot - Opium of the People.wav,mp3_v2,V2,33972332,33176.10547,32.3985405,4806521,4693.868164,4.583855629,0.141483399,85.85166011,,,,,,,,
Slipknot/Volume 3-The Subliminal Verses/05 Slipknot - Opium of the People.wav,mp3_v5,V5,33972332,33176.10547,32.3985405,3278760,3201.914063,3.126869202,0.096512656,90.34873438,,,,,,,,
Slipknot/Volume 3-The Subliminal Verses/06 Slipknot - Circle.wav,mp3_128,128 CBR,46390892,45303.60547,44.24180222,4208892,4110.246094,4.013912201,0.090726688,90.92733117,,,,,,,,
Slipknot/Volume 3-The Subliminal Verses/06 Slipknot - Circle.wav,mp3_192,192 CBR,46390892,45303.60547,44.24180222,6313316,6165.347656,6.020847321,0.136089558,86.39104417,,,,,,,,
Slipknot/Volume 3-The Subliminal Verses/06 Slipknot - Circle.wav,mp3_320,320 CBR,46390892,45303.60547,44.24180222,10522165,10275.55176,10.03471851,0.22681532,77.31846803,,,,,,,,
Slipknot/Volume 3-The Subliminal Verses/06 Slipknot - Circle.wav,mp3_v0,V0,46390892,45303.60547,44.24180222,9773467,9544.401367,9.32070446,0.210676419,78.9323581,,,,,,,,
Slipknot/Volume 3-The Subliminal Verses/06 Slipknot - Circle.wav,mp3_v2,V2,46390892,45303.60547,44.24180222,6911550,6749.560547,6.591367722,0.148985064,85.10149363,,,,,,,,
Slipknot/Volume 3-The Subliminal Verses/06 Slipknot - Circle.wav,mp3_v5,V5,46390892,45303.60547,44.24180222,4837365,4723.989258,4.61327076,0.104274024,89.57259757,,,,,,,,
Slipknot/Volume 3-The Subliminal Verses/07 Slipknot - Welcome.wav,mp3_128,128 CBR,34470956,33663.04297,32.8740654,3127631,3054.327148,2.982741356,0.090732355,90.92676455,,,,,,,,
Slipknot/Volume 3-The Subliminal Verses/07 Slipknot - Welcome.wav,mp3_192,192 CBR,34470956,33663.04297,32.8740654,4691425,4581.469727,4.47409153,0.136097908,86.3902092,,,,,,,,
Slipknot/Volume 3-The Subliminal Verses/07 Slipknot - Welcome.wav,mp3_320,320 CBR,34470956,33663.04297,32.8740654,7819014,7635.755859,7.456792831,0.226829044,77.31709559,,,,,,,,
Slipknot/Volume 3-The Subliminal Verses/07 Slipknot - Welcome.wav,mp3_v0,V0,34470956,33663.04297,32.8740654,7022356,6857.769531,6.697040558,0.203718052,79.62819482,,,,,,,,
Slipknot/Volume 3-The Subliminal Verses/07 Slipknot - Welcome.wav,mp3_v2,V2,34470956,33663.04297,32.8740654,5036582,4918.537109,4.803258896,0.146110888,85.38891117,,,,,,,,
Slipknot/Volume 3-The Subliminal Verses/07 Slipknot - Welcome.wav,mp3_v5,V5,34470956,33663.04297,32.8740654,3341356,3263.042969,3.186565399,0.096932502,90.30674983,,,,,,,,
Slipknot/Volume 3-The Subliminal Verses/08 Slipknot - Vermilion.wav,mp3_128,128 CBR,55860044,54550.82422,53.27228928,5067798,4949.021484,4.833028793,0.090723129,90.92768706,,,,,,,,
Slipknot/Volume 3-The Subliminal Verses/08 Slipknot - Vermilion.wav,mp3_192,192 CBR,55860044,54550.82422,53.27228928,7601675,7423.510742,7.249522209,0.1360843,86.39156997,,,,,,,,
Slipknot/Volume 3-The Subliminal Verses/08 Slipknot - Vermilion.wav,mp3_320,320 CBR,55860044,54550.82422,53.27228928,12669430,12372.49023,12.08250999,0.22680666,77.31933401,,,,,,,,
Slipknot/Volume 3-The Subliminal Verses/08 Slipknot - Vermilion.wav,mp3_v0,V0,55860044,54550.82422,53.27228928,11883117,11604.60645,11.33262348,0.212730176,78.72698238,,,,,,,,
Slipknot/Volume 3-The Subliminal Verses/08 Slipknot - Vermilion.wav,mp3_v2,V2,55860044,54550.82422,53.27228928,7891670,7706.708984,7.526082993,0.141275757,85.8724243,,,,,,,,
Slipknot/Volume 3-The Subliminal Verses/08 Slipknot - Vermilion.wav,mp3_v5,V5,55860044,54550.82422,53.27228928,5405368,5278.679688,5.154960632,0.096766268,90.32337318,,,,,,,,
Slipknot/Volume 3-The Subliminal Verses/09 Slipknot - Pulse of the Maggots.wav,mp3_128,128 CBR,45817004,44743.16797,43.69449997,4156647,4059.225586,3.964087486,0.090722802,90.92771976,,,,,,,,
Slipknot/Volume 3-The Subliminal Verses/09 Slipknot - Pulse of the Maggots.wav,mp3_192,192 CBR,45817004,44743.16797,43.69449997,6234949,6088.817383,5.946110725,0.136083734,86.39162657,,,,,,,,
Slipknot/Volume 3-The Subliminal Verses/09 Slipknot - Pulse of the Maggots.wav,mp3_320,320 CBR,45817004,44743.16797,43.69449997,10391553,10148.00098,9.910157204,0.226805598,77.31944018,,,,,,,,
Slipknot/Volume 3-The Subliminal Verses/09 Slipknot - Pulse of the Maggots.wav,mp3_v0,V0,45817004,44743.16797,43.69449997,9035195,8823.432617,8.616633415,0.197201786,80.27982144,,,,,,,,
Slipknot/Volume 3-The Subliminal Verses/09 Slipknot - Pulse of the Maggots.wav,mp3_v2,V2,45817004,44743.16797,43.69449997,6413723,6263.401367,6.116602898,0.139985648,86.00143519,,,,,,,,
Slipknot/Volume 3-The Subliminal Verses/09 Slipknot - Pulse of the Maggots.wav,mp3_v5,V5,45817004,44743.16797,43.69449997,4298509,4197.762695,4.099377632,0.093819076,90.61809236,,,,,,,,
Slipknot/Volume 3-The Subliminal Verses/10 Slipknot - Before I Forget.wav,mp3_128,128 CBR,49145084,47993.24609,46.86840439,4458831,4354.327148,4.252272606,0.090727915,90.92720851,,,,,,,,
Slipknot/Volume 3-The Subliminal Verses/10 Slipknot - Before I Forget.wav,mp3_192,192 CBR,49145084,47993.24609,46.86840439,6688225,6531.469727,6.378388405,0.136091435,86.39085651,,,,,,,,
Slipknot/Volume 3-The Subliminal Verses/10 Slipknot - Before I Forget.wav,mp3_320,320 CBR,49145084,47993.24609,46.86840439,11147014,10885.75586,10.63062096,0.226818495,77.31815048,,,,,,,,
Slipknot/Volume 3-The Subliminal Verses/10 Slipknot - Before I Forget.wav,mp3_v0,V0,49145084,47993.24609,46.86840439,9908751,9676.514648,9.449721336,0.201622425,79.83775753,,,,,,,,
Slipknot/Volume 3-The Subliminal Verses/10 Slipknot - Before I Forget.wav,mp3_v2,V2,49145084,47993.24609,46.86840439,6855451,6694.776367,6.537867546,0.139494135,86.05058646,,,,,,,,
Slipknot/Volume 3-The Subliminal Verses/10 Slipknot - Before I Forget.wav,mp3_v5,V5,49145084,47993.24609,46.86840439,4612737,4504.625977,4.399048805,0.093859581,90.61404188,,,,,,,,
"Slipknot/Volume 3-The Subliminal Verses/11 Slipknot - Vermilion, Pt. 2.wav",mp3_128,128 CBR,39570092,38642.66797,37.73698044,3590312,3506.164063,3.423988342,0.090732971,90.92670293,,,,,,,,
"Slipknot/Volume 3-The Subliminal Verses/11 Slipknot - Vermilion, Pt. 2.wav",mp3_192,192 CBR,39570092,38642.66797,37.73698044,5385447,5259.225586,5.135962486,0.136098925,86.39010746,,,,,,,,
"Slipknot/Volume 3-The Subliminal Verses/11 Slipknot - Vermilion, Pt. 2.wav",mp3_320,320 CBR,39570092,38642.66797,37.73698044,8975716,8765.347656,8.559909821,0.226830809,77.31691905,,,,,,,,
"Slipknot/Volume 3-The Subliminal Verses/11 Slipknot - Vermilion, Pt. 2.wav",mp3_v0,V0,39570092,38642.66797,37.73698044,8019586,7831.626953,7.648073196,0.202667863,79.73321366,,,,,,,,
"Slipknot/Volume 3-The Subliminal Verses/11 Slipknot - Vermilion, Pt. 2.wav",mp3_v2,V2,39570092,38642.66797,37.73698044,6186243,6041.25293,5.899661064,0.156336331,84.3663669,,,,,,,,
"Slipknot/Volume 3-The Subliminal Verses/11 Slipknot - Vermilion, Pt. 2.wav",mp3_v5,V5,39570092,38642.66797,37.73698044,4220180,4121.269531,4.024677277,0.10665075,89.33492497,,,,,,,,
Slipknot/Volume 3-The Subliminal Verses/12 Slipknot - The Nameless.wav,mp3_128,128 CBR,47282300,46174.12109,45.09191513,4289558,4189.021484,4.090841293,0.090722279,90.92777213,,,,,,,,
Slipknot/Volume 3-The Subliminal Verses/12 Slipknot - The Nameless.wav,mp3_192,192 CBR,47282300,46174.12109,45.09191513,6434315,6283.510742,6.136240959,0.136082953,86.39170472,,,,,,,,
Slipknot/Volume 3-The Subliminal Verses/12 Slipknot - The Nameless.wav,mp3_320,320 CBR,47282300,46174.12109,45.09191513,10723830,10472.49023,10.22704124,0.226804322,77.31956779,,,,,,,,
Slipknot/Volume 3-The Subliminal Verses/12 Slipknot - The Nameless.wav,mp3_v0,V0,47282300,46174.12109,45.09191513,9738011,9509.776367,9.286890984,0.205954681,79.40453193,,,,,,,,
Slipknot/Volume 3-The Subliminal Verses/12 Slipknot - The Nameless.wav,mp3_v2,V2,47282300,46174.12109,45.09191513,6978658,6815.095703,6.655366898,0.14759557,85.24044304,,,,,,,,
Slipknot/Volume 3-The Subliminal Verses/12 Slipknot - The Nameless.wav,mp3_v5,V5,47282300,46174.12109,45.09191513,4596708,4488.972656,4.38376236,0.097218367,90.27816329,,,,,,,,
Slipknot/Volume 3-The Subliminal Verses/13 Slipknot - The Virus of Life.wav,mp3_128,128 CBR,57405308,56059.87109,54.74596786,5207814,5085.755859,4.966558456,0.090720078,90.92799223,,,,,,,,
Slipknot/Volume 3-The Subliminal Verses/13 Slipknot - The Virus of Life.wav,mp3_192,192 CBR,57405308,56059.87109,54.74596786,7811700,7628.613281,7.449817657,0.136079751,86.39202493,,,,,,,,
Slipknot/Volume 3-The Subliminal Verses/13 Slipknot - The Virus of Life.wav,mp3_320,320 CBR,57405308,56059.87109,54.74596786,13019471,12714.32715,12.41633511,0.226799079,77.32009207,,,,,,,,
Slipknot/Volume 3-The Subliminal Verses/13 Slipknot - The Virus of Life.wav,mp3_v0,V0,57405308,56059.87109,54.74596786,11445480,11177.22656,10.91526031,0.199380169,80.06198312,,,,,,,,
Slipknot/Volume 3-The Subliminal Verses/13 Slipknot - The Virus of Life.wav,mp3_v2,V2,57405308,56059.87109,54.74596786,8143602,7952.736328,7.76634407,0.141861481,85.81385192,,,,,,,,
Slipknot/Volume 3-The Subliminal Verses/13 Slipknot - The Virus of Life.wav,mp3_v5,V5,57405308,56059.87109,54.74596786,5572138,5441.541016,5.314004898,0.097066599,90.29334012,,,,,,,,
Slipknot/Volume 3-The Subliminal Verses/14 Slipknot - Danger – Keep Away.wav,mp3_128,128 CBR,34205180,33403.49609,32.62060165,3103390,3030.654297,2.959623337,0.090728656,90.92713443,,,,,,,,
Slipknot/Volume 3-The Subliminal Verses/14 Slipknot - Danger – Keep Away.wav,mp3_192,192 CBR,34205180,33403.49609,32.62060165,4655063,4545.959961,4.439414024,0.13609234,86.39076596,,,,,,,,
Slipknot/Volume 3-The Subliminal Verses/14 Slipknot - Danger – Keep Away.wav,mp3_320,320 CBR,34205180,33403.49609,32.62060165,7758410,7576.572266,7.398996353,0.226819739,77.3180261,,,,,,,,
Slipknot/Volume 3-The Subliminal Verses/14 Slipknot - Danger – Keep Away.wav,mp3_v0,V0,34205180,33403.49609,32.62060165,5556993,5426.750977,5.299561501,0.162460569,83.75394312,,,,,,,,
Slipknot/Volume 3-The Subliminal Verses/14 Slipknot - Danger – Keep Away.wav,mp3_v2,V2,34205180,33403.49609,32.62060165,3968670,3875.654297,3.784818649,0.116025409,88.3974591,,,,,,,,
Slipknot/Volume 3-The Subliminal Verses/14 Slipknot - Danger – Keep Away.wav,mp3_v5,V5,34205180,33403.49609,32.62060165,2607821,2546.700195,2.487011909,0.076240528,92.37594715,,,,,,,,